frame,class_id,confidence,inference_time
0,2,0.8645612001419067,0.5292954444885254
0,2,0.7812496423721313,0.5292954444885254
0,2,0.7579419016838074,0.5292954444885254
0,0,0.7411355376243591,0.5292954444885254
0,0,0.7385528087615967,0.5292954444885254
0,0,0.5764713287353516,0.5292954444885254
0,0,0.5756202936172485,0.5292954444885254
0,0,0.4769900143146515,0.5292954444885254
0,0,0.4539172649383545,0.5292954444885254
0,0,0.37937524914741516,0.5292954444885254
0,0,0.2855258285999298,0.5292954444885254
0,2,0.28099673986434937,0.5292954444885254
0,2,0.25232434272766113,0.5292954444885254
1,2,0.8851933479309082,0.10718345642089844
1,0,0.7787754535675049,0.10718345642089844
1,2,0.7669135332107544,0.10718345642089844
1,2,0.765414297580719,0.10718345642089844
1,0,0.7555694580078125,0.10718345642089844
1,0,0.5827598571777344,0.10718345642089844
1,0,0.5587788224220276,0.10718345642089844
1,0,0.47312361001968384,0.10718345642089844
1,0,0.4370976388454437,0.10718345642089844
1,0,0.35515522956848145,0.10718345642089844
1,0,0.3275148570537567,0.10718345642089844
1,2,0.29445958137512207,0.10718345642089844
1,2,0.2500619888305664,0.10718345642089844
2,2,0.8892565965652466,0.10284566879272461
2,0,0.7710997462272644,0.10284566879272461
2,0,0.7550069093704224,0.10284566879272461
2,2,0.6910734176635742,0.10284566879272461
2,0,0.5019228458404541,0.10284566879272461
2,0,0.3969181180000305,0.10284566879272461
2,0,0.3857010304927826,0.10284566879272461
2,2,0.335154265165329,0.10284566879272461
2,0,0.27815118432044983,0.10284566879272461
3,2,0.8723067045211792,0.1047978401184082
3,2,0.7464148998260498,0.1047978401184082
3,0,0.7275311350822449,0.1047978401184082
3,0,0.7249330282211304,0.1047978401184082
3,0,0.5672081708908081,0.1047978401184082
3,2,0.5421624183654785,0.1047978401184082
3,0,0.38310328125953674,0.1047978401184082
3,0,0.3370361626148224,0.1047978401184082
3,0,0.2701331675052643,0.1047978401184082
3,0,0.2536022663116455,0.1047978401184082
4,2,0.8840410709381104,0.16745519638061523
4,2,0.7604035139083862,0.16745519638061523
4,0,0.756765604019165,0.16745519638061523
4,0,0.7300022840499878,0.16745519638061523
4,2,0.6460893750190735,0.16745519638061523
4,0,0.5803251266479492,0.16745519638061523
4,0,0.46986374258995056,0.16745519638061523
4,0,0.35612279176712036,0.16745519638061523
4,0,0.29689326882362366,0.16745519638061523
4,0,0.2919357419013977,0.16745519638061523
4,2,0.2712786793708801,0.16745519638061523
5,2,0.8867166638374329,0.25937604904174805
5,0,0.7559767961502075,0.25937604904174805
5,2,0.7370001673698425,0.25937604904174805
5,0,0.733722448348999,0.25937604904174805
5,0,0.5802358984947205,0.25937604904174805
5,2,0.5122501254081726,0.25937604904174805
5,0,0.48719996213912964,0.25937604904174805
5,0,0.43210530281066895,0.25937604904174805
5,0,0.407931923866272,0.25937604904174805
5,0,0.3567342460155487,0.25937604904174805
5,0,0.28447961807250977,0.25937604904174805
6,2,0.8895812034606934,0.2316145896911621
6,0,0.7707647681236267,0.2316145896911621
6,0,0.7623848915100098,0.2316145896911621
6,2,0.7267900705337524,0.2316145896911621
6,0,0.5656225681304932,0.2316145896911621
6,0,0.5217023491859436,0.2316145896911621
6,0,0.4477264881134033,0.2316145896911621
6,0,0.4205628037452698,0.2316145896911621
6,0,0.3970564603805542,0.2316145896911621
6,0,0.3158653676509857,0.2316145896911621
6,0,0.29468828439712524,0.2316145896911621
7,2,0.8953714370727539,0.3042898178100586
7,0,0.7802754640579224,0.3042898178100586
7,0,0.7289621829986572,0.3042898178100586
7,2,0.675188422203064,0.3042898178100586
7,0,0.5277205109596252,0.3042898178100586
7,0,0.4807594418525696,0.3042898178100586
7,0,0.4404090940952301,0.3042898178100586
7,0,0.43159037828445435,0.3042898178100586
7,0,0.3979344367980957,0.3042898178100586
7,0,0.3606707453727722,0.3042898178100586
8,2,0.8865991830825806,0.28781628608703613
8,0,0.8090883493423462,0.28781628608703613
8,2,0.7410043478012085,0.28781628608703613
8,0,0.7068228721618652,0.28781628608703613
8,0,0.5316674709320068,0.28781628608703613
8,0,0.5194239616394043,0.28781628608703613
8,0,0.4857935905456543,0.28781628608703613
8,0,0.4813835918903351,0.28781628608703613
8,0,0.4313509464263916,0.28781628608703613
8,0,0.4105302095413208,0.28781628608703613
8,0,0.37563174962997437,0.28781628608703613
8,0,0.2952685058116913,0.28781628608703613
9,2,0.8737534880638123,0.21561217308044434
9,0,0.8086433410644531,0.21561217308044434
9,0,0.6931949853897095,0.21561217308044434
9,2,0.6821247339248657,0.21561217308044434
9,0,0.5689299702644348,0.21561217308044434
9,0,0.5250532627105713,0.21561217308044434
9,0,0.47562089562416077,0.21561217308044434
9,2,0.44550737738609314,0.21561217308044434
9,0,0.4420274496078491,0.21561217308044434
9,0,0.3931827247142792,0.21561217308044434
9,0,0.3153401017189026,0.21561217308044434
9,0,0.2635684013366699,0.21561217308044434
10,2,0.8285235166549683,0.11994266510009766
10,0,0.8022662401199341,0.11994266510009766
10,0,0.7024451494216919,0.11994266510009766
10,2,0.6875851154327393,0.11994266510009766
10,0,0.5379048585891724,0.11994266510009766
10,0,0.5098251104354858,0.11994266510009766
10,0,0.46784707903862,0.11994266510009766
10,0,0.45561814308166504,0.11994266510009766
10,0,0.43215033411979675,0.11994266510009766
10,2,0.4001341462135315,0.11994266510009766
10,0,0.2931007742881775,0.11994266510009766
11,2,0.8428390026092529,0.1494152545928955
11,0,0.6587060689926147,0.1494152545928955
11,0,0.647305965423584,0.1494152545928955
11,0,0.5381108522415161,0.1494152545928955
11,0,0.47000470757484436,0.1494152545928955
11,0,0.4683573544025421,0.1494152545928955
11,2,0.452844500541687,0.1494152545928955
11,0,0.3951112926006317,0.1494152545928955
11,0,0.26128312945365906,0.1494152545928955
12,2,0.8247302174568176,0.15247178077697754
12,0,0.6761837005615234,0.15247178077697754
12,0,0.6007749438285828,0.15247178077697754
12,0,0.4500465989112854,0.15247178077697754
12,0,0.4362194240093231,0.15247178077697754
12,0,0.435153067111969,0.15247178077697754
12,0,0.34455034136772156,0.15247178077697754
12,2,0.29327934980392456,0.15247178077697754
13,2,0.8811796307563782,0.1693418025970459
13,0,0.7135475277900696,0.1693418025970459
13,0,0.6108968257904053,0.1693418025970459
13,2,0.3658981919288635,0.1693418025970459
14,2,0.8773207664489746,0.2421436309814453
14,0,0.7431511878967285,0.2421436309814453
14,0,0.7187159657478333,0.2421436309814453
14,2,0.6573811769485474,0.2421436309814453
14,0,0.4319279193878174,0.2421436309814453
14,0,0.42021211981773376,0.2421436309814453
14,0,0.29175302386283875,0.2421436309814453
14,0,0.2566682994365692,0.2421436309814453
15,2,0.8607474565505981,0.2857627868652344
15,0,0.6972637176513672,0.2857627868652344
15,2,0.6614130735397339,0.2857627868652344
15,0,0.5499172806739807,0.2857627868652344
15,0,0.4792923331260681,0.2857627868652344
15,0,0.4774557650089264,0.2857627868652344
15,0,0.3837016224861145,0.2857627868652344
15,0,0.34714213013648987,0.2857627868652344
15,0,0.2921954095363617,0.2857627868652344
16,2,0.8292607069015503,0.3026254177093506
16,0,0.6996108889579773,0.3026254177093506
16,2,0.606727123260498,0.3026254177093506
16,0,0.5903431177139282,0.3026254177093506
16,0,0.3517472445964813,0.3026254177093506
16,0,0.32317250967025757,0.3026254177093506
16,0,0.29563942551612854,0.3026254177093506
16,0,0.2637536823749542,0.3026254177093506
17,2,0.7723010182380676,0.16594362258911133
17,2,0.7719103097915649,0.16594362258911133
17,0,0.7447753548622131,0.16594362258911133
17,0,0.6535122394561768,0.16594362258911133
17,0,0.49517956376075745,0.16594362258911133
17,0,0.49312955141067505,0.16594362258911133
17,0,0.4366541802883148,0.16594362258911133
17,0,0.4020823538303375,0.16594362258911133
17,0,0.3818397521972656,0.16594362258911133
17,0,0.3804772198200226,0.16594362258911133
17,0,0.34761929512023926,0.16594362258911133
17,0,0.3307032287120819,0.16594362258911133
17,0,0.30119431018829346,0.16594362258911133
18,2,0.8563445806503296,0.3470916748046875
18,2,0.8188195824623108,0.3470916748046875
18,0,0.7745295166969299,0.3470916748046875
18,0,0.678632378578186,0.3470916748046875
18,0,0.4918443262577057,0.3470916748046875
18,0,0.47860971093177795,0.3470916748046875
18,0,0.47509607672691345,0.3470916748046875
18,0,0.39538413286209106,0.3470916748046875
18,0,0.3670823276042938,0.3470916748046875
18,0,0.31677696108818054,0.3470916748046875
18,0,0.28485408425331116,0.3470916748046875
18,0,0.2846118211746216,0.3470916748046875
18,2,0.2515909671783447,0.3470916748046875
19,2,0.8926563262939453,0.42049145698547363
19,2,0.8069775700569153,0.42049145698547363
19,0,0.7870934009552002,0.42049145698547363
19,0,0.7149240970611572,0.42049145698547363
19,0,0.6038378477096558,0.42049145698547363
19,0,0.49839234352111816,0.42049145698547363
19,0,0.49114224314689636,0.42049145698547363
19,0,0.44518089294433594,0.42049145698547363
19,2,0.4312283992767334,0.42049145698547363
19,0,0.4306107461452484,0.42049145698547363
19,0,0.34342753887176514,0.42049145698547363
19,2,0.34017324447631836,0.42049145698547363
19,0,0.3141368329524994,0.42049145698547363
19,0,0.2666362524032593,0.42049145698547363
20,2,0.8746969103813171,0.3788938522338867
20,2,0.8243775963783264,0.3788938522338867
20,0,0.771927535533905,0.3788938522338867
20,0,0.7246825098991394,0.3788938522338867
20,0,0.4964696764945984,0.3788938522338867
20,0,0.33995845913887024,0.3788938522338867
20,0,0.3221370577812195,0.3788938522338867
20,2,0.2997038960456848,0.3788938522338867
20,0,0.279483437538147,0.3788938522338867
21,2,0.8793114423751831,0.35263824462890625
21,2,0.8390523195266724,0.35263824462890625
21,0,0.794243335723877,0.35263824462890625
21,0,0.731545090675354,0.35263824462890625
21,0,0.5460925102233887,0.35263824462890625
21,0,0.34866225719451904,0.35263824462890625
21,2,0.2918745279312134,0.35263824462890625
22,2,0.8999108076095581,0.43439483642578125
22,0,0.8320493698120117,0.43439483642578125
22,2,0.8295989632606506,0.43439483642578125
22,0,0.6850266456604004,0.43439483642578125
22,0,0.5813586711883545,0.43439483642578125
22,0,0.4545372724533081,0.43439483642578125
22,0,0.45264777541160583,0.43439483642578125
22,0,0.44692227244377136,0.43439483642578125
22,0,0.2998824715614319,0.43439483642578125
22,0,0.2903783917427063,0.43439483642578125
22,2,0.2710737884044647,0.43439483642578125
23,2,0.8863090872764587,0.43888306617736816
23,0,0.8174271583557129,0.43888306617736816
23,2,0.8024743795394897,0.43888306617736816
23,0,0.7077139616012573,0.43888306617736816
23,0,0.5493117570877075,0.43888306617736816
23,0,0.4520740211009979,0.43888306617736816
23,0,0.3796404302120209,0.43888306617736816
23,0,0.3766547739505768,0.43888306617736816
23,0,0.33941107988357544,0.43888306617736816
23,0,0.3302310109138489,0.43888306617736816
23,0,0.26439666748046875,0.43888306617736816
23,0,0.2571861147880554,0.43888306617736816
24,2,0.8716832399368286,0.38342976570129395
24,0,0.7941539287567139,0.38342976570129395
24,2,0.7817479372024536,0.38342976570129395
24,0,0.705519437789917,0.38342976570129395
24,0,0.5558929443359375,0.38342976570129395
24,0,0.49146342277526855,0.38342976570129395
24,0,0.46467262506484985,0.38342976570129395
24,0,0.43846267461776733,0.38342976570129395
24,0,0.35798582434654236,0.38342976570129395
24,0,0.3530884087085724,0.38342976570129395
24,0,0.3276902735233307,0.38342976570129395
24,0,0.26889878511428833,0.38342976570129395
25,2,0.8870216012001038,0.4527602195739746
25,2,0.7881731986999512,0.4527602195739746
25,0,0.7872244715690613,0.4527602195739746
25,0,0.7127070426940918,0.4527602195739746
25,0,0.5554893016815186,0.4527602195739746
25,0,0.4672556519508362,0.4527602195739746
25,0,0.43416842818260193,0.4527602195739746
25,0,0.41361579298973083,0.4527602195739746
25,0,0.3935759961605072,0.4527602195739746
25,2,0.27098485827445984,0.4527602195739746
26,2,0.9112526178359985,0.35451221466064453
26,0,0.8326519727706909,0.35451221466064453
26,2,0.7676976919174194,0.35451221466064453
26,0,0.7110879421234131,0.35451221466064453
26,0,0.5829442739486694,0.35451221466064453
26,0,0.556472897529602,0.35451221466064453
26,0,0.5284637212753296,0.35451221466064453
26,0,0.5176588892936707,0.35451221466064453
26,2,0.4207729995250702,0.35451221466064453
26,2,0.2781101167201996,0.35451221466064453
27,2,0.9123044013977051,0.3702414035797119
27,0,0.8154698610305786,0.3702414035797119
27,2,0.8080152869224548,0.3702414035797119
27,0,0.7060239315032959,0.3702414035797119
27,0,0.6463892459869385,0.3702414035797119
27,0,0.5852281451225281,0.3702414035797119
27,0,0.5278797149658203,0.3702414035797119
27,0,0.5175826549530029,0.3702414035797119
27,0,0.43323445320129395,0.3702414035797119
27,0,0.38262736797332764,0.3702414035797119
27,2,0.3312428891658783,0.3702414035797119
27,0,0.3206075131893158,0.3702414035797119
28,2,0.9084659814834595,0.3930652141571045
28,2,0.8119459748268127,0.3930652141571045
28,0,0.794201135635376,0.3930652141571045
28,0,0.6755013465881348,0.3930652141571045
28,0,0.6071884632110596,0.3930652141571045
28,0,0.5960931181907654,0.3930652141571045
28,0,0.4981973171234131,0.3930652141571045
28,0,0.49127987027168274,0.3930652141571045
28,0,0.4793764352798462,0.3930652141571045
28,0,0.31852468848228455,0.3930652141571045
28,0,0.2704665958881378,0.3930652141571045
28,2,0.2656489908695221,0.3930652141571045
29,2,0.8664732575416565,0.3720526695251465
29,0,0.7866367697715759,0.3720526695251465
29,0,0.7125226259231567,0.3720526695251465
29,0,0.6552339196205139,0.3720526695251465
29,0,0.5267400741577148,0.3720526695251465
29,2,0.4501587152481079,0.3720526695251465
29,0,0.43824371695518494,0.3720526695251465
29,0,0.35910454392433167,0.3720526695251465
29,0,0.3378545641899109,0.3720526695251465
29,0,0.32138562202453613,0.3720526695251465
29,2,0.3199082911014557,0.3720526695251465
29,0,0.25357887148857117,0.3720526695251465
30,2,0.8794155120849609,0.4140491485595703
30,0,0.7965583801269531,0.4140491485595703
30,0,0.7272317409515381,0.4140491485595703
30,0,0.6079217195510864,0.4140491485595703
30,0,0.5228506922721863,0.4140491485595703
30,0,0.5003483295440674,0.4140491485595703
30,2,0.36845558881759644,0.4140491485595703
30,0,0.3531917631626129,0.4140491485595703
30,0,0.33258670568466187,0.4140491485595703
30,0,0.32978808879852295,0.4140491485595703
30,0,0.2962997853755951,0.4140491485595703
30,0,0.2670997679233551,0.4140491485595703
31,2,0.8904573321342468,0.5439176559448242
31,0,0.8057700395584106,0.5439176559448242
31,2,0.8007056713104248,0.5439176559448242
31,0,0.7218130826950073,0.5439176559448242
31,0,0.6839396953582764,0.5439176559448242
31,0,0.5777247548103333,0.5439176559448242
31,0,0.40848299860954285,0.5439176559448242
31,0,0.38624662160873413,0.5439176559448242
31,0,0.34517717361450195,0.5439176559448242
31,0,0.34195590019226074,0.5439176559448242
31,0,0.30761733651161194,0.5439176559448242
31,2,0.2633715867996216,0.5439176559448242
32,2,0.884068489074707,0.4470827579498291
32,0,0.7943124771118164,0.4470827579498291
32,2,0.7719866037368774,0.4470827579498291
32,0,0.7649638056755066,0.4470827579498291
32,0,0.6221768856048584,0.4470827579498291
32,0,0.47996506094932556,0.4470827579498291
32,0,0.34829166531562805,0.4470827579498291
32,0,0.3004206418991089,0.4470827579498291
32,0,0.29715603590011597,0.4470827579498291
32,0,0.2843227684497833,0.4470827579498291
32,2,0.2705506384372711,0.4470827579498291
33,2,0.8650145530700684,0.3174309730529785
33,0,0.7958385348320007,0.3174309730529785
33,0,0.7739793062210083,0.3174309730529785
33,2,0.7430079579353333,0.3174309730529785
33,0,0.5174400806427002,0.3174309730529785
33,0,0.5156775712966919,0.3174309730529785
33,2,0.3603995442390442,0.3174309730529785
33,0,0.35335102677345276,0.3174309730529785
33,0,0.2922706604003906,0.3174309730529785
33,2,0.2869633734226227,0.3174309730529785
34,2,0.8945727944374084,0.49988651275634766
34,0,0.792125940322876,0.49988651275634766
34,0,0.7580782771110535,0.49988651275634766
34,2,0.7473732829093933,0.49988651275634766
34,0,0.5561305284500122,0.49988651275634766
34,0,0.5464364290237427,0.49988651275634766
34,2,0.39360010623931885,0.49988651275634766
34,0,0.3358710706233978,0.49988651275634766
34,0,0.3347659111022949,0.49988651275634766
34,0,0.32934391498565674,0.49988651275634766
34,0,0.2760676145553589,0.49988651275634766
34,0,0.2658526301383972,0.49988651275634766
34,2,0.2522595524787903,0.49988651275634766
35,2,0.8818265199661255,0.347240686416626
35,0,0.786540687084198,0.347240686416626
35,2,0.7683591246604919,0.347240686416626
35,0,0.7430288791656494,0.347240686416626
35,0,0.6422353982925415,0.347240686416626
35,0,0.5847117900848389,0.347240686416626
35,0,0.5360245108604431,0.347240686416626
35,0,0.445998877286911,0.347240686416626
35,0,0.3853487968444824,0.347240686416626
35,2,0.3717551529407501,0.347240686416626
35,2,0.33155331015586853,0.347240686416626
36,2,0.8737467527389526,0.3950519561767578
36,2,0.7738438844680786,0.3950519561767578
36,0,0.7717200517654419,0.3950519561767578
36,0,0.7566732168197632,0.3950519561767578
36,0,0.5726656913757324,0.3950519561767578
36,0,0.5374462604522705,0.3950519561767578
36,0,0.4911021888256073,0.3950519561767578
36,0,0.39946213364601135,0.3950519561767578
36,0,0.3981511890888214,0.3950519561767578
36,2,0.3825348913669586,0.3950519561767578
36,2,0.27483314275741577,0.3950519561767578
37,2,0.8688152432441711,0.3694615364074707
37,0,0.7766155004501343,0.3694615364074707
37,2,0.7445750832557678,0.3694615364074707
37,0,0.651624321937561,0.3694615364074707
37,0,0.6082202196121216,0.3694615364074707
37,0,0.46864184737205505,0.3694615364074707
37,0,0.46748629212379456,0.3694615364074707
37,0,0.431079626083374,0.3694615364074707
37,0,0.3893265724182129,0.3694615364074707
37,2,0.3676484227180481,0.3694615364074707
37,0,0.3167920708656311,0.3694615364074707
37,0,0.2702323794364929,0.3694615364074707
38,2,0.8759528994560242,0.2520577907562256
38,2,0.765991747379303,0.2520577907562256
38,0,0.7341347932815552,0.2520577907562256
38,0,0.6614871621131897,0.2520577907562256
38,0,0.6464401483535767,0.2520577907562256
38,0,0.5420870780944824,0.2520577907562256
38,0,0.4207841455936432,0.2520577907562256
38,0,0.41511601209640503,0.2520577907562256
38,0,0.402407705783844,0.2520577907562256
38,0,0.38167354464530945,0.2520577907562256
38,0,0.35549840331077576,0.2520577907562256
39,2,0.8731229305267334,0.41232991218566895
39,2,0.8301200866699219,0.41232991218566895
39,0,0.6980130672454834,0.41232991218566895
39,0,0.6001737117767334,0.41232991218566895
39,0,0.5938311815261841,0.41232991218566895
39,0,0.5715142488479614,0.41232991218566895
39,0,0.4551808536052704,0.41232991218566895
39,0,0.42385005950927734,0.41232991218566895
39,0,0.3708382844924927,0.41232991218566895
39,2,0.36083757877349854,0.41232991218566895
39,0,0.2693212926387787,0.41232991218566895
39,0,0.2526808977127075,0.41232991218566895
40,2,0.869534432888031,0.3851304054260254
40,2,0.8503249883651733,0.3851304054260254
40,0,0.7045694589614868,0.3851304054260254
40,0,0.6024140119552612,0.3851304054260254
40,0,0.5590434074401855,0.3851304054260254
40,0,0.5577375888824463,0.3851304054260254
40,0,0.5272246599197388,0.3851304054260254
40,0,0.5180429220199585,0.3851304054260254
40,0,0.49221909046173096,0.3851304054260254
40,0,0.3435651659965515,0.3851304054260254
40,0,0.2963239252567291,0.3851304054260254
40,0,0.2791137397289276,0.3851304054260254
40,0,0.2689014971256256,0.3851304054260254
41,2,0.8633687496185303,0.33454418182373047
41,2,0.8266761302947998,0.33454418182373047
41,0,0.6925883889198303,0.33454418182373047
41,0,0.5850180387496948,0.33454418182373047
41,0,0.5687596797943115,0.33454418182373047
41,0,0.5574310421943665,0.33454418182373047
41,0,0.5063260793685913,0.33454418182373047
41,0,0.5045114755630493,0.33454418182373047
41,0,0.439371794462204,0.33454418182373047
41,0,0.40234434604644775,0.33454418182373047
41,0,0.37579861283302307,0.33454418182373047
42,2,0.8755804896354675,0.23229408264160156
42,2,0.801192045211792,0.23229408264160156
42,0,0.7337217926979065,0.23229408264160156
42,0,0.5834954380989075,0.23229408264160156
42,0,0.5504118800163269,0.23229408264160156
42,0,0.5377376079559326,0.23229408264160156
42,0,0.5314685106277466,0.23229408264160156
42,0,0.47817379236221313,0.23229408264160156
42,0,0.43806058168411255,0.23229408264160156
42,0,0.37521278858184814,0.23229408264160156
42,0,0.37162652611732483,0.23229408264160156
42,2,0.26481854915618896,0.23229408264160156
42,0,0.2576781213283539,0.23229408264160156
43,2,0.8659934997558594,0.22017264366149902
43,2,0.8038773536682129,0.22017264366149902
43,0,0.7716107368469238,0.22017264366149902
43,0,0.6212111711502075,0.22017264366149902
43,0,0.6141165494918823,0.22017264366149902
43,0,0.5631110668182373,0.22017264366149902
43,0,0.5382214188575745,0.22017264366149902
43,0,0.494236022233963,0.22017264366149902
43,0,0.4121197462081909,0.22017264366149902
43,0,0.4109962284564972,0.22017264366149902
44,2,0.878031313419342,0.17319512367248535
44,2,0.7897691130638123,0.17319512367248535
44,0,0.7802895307540894,0.17319512367248535
44,0,0.648964524269104,0.17319512367248535
44,0,0.5581729412078857,0.17319512367248535
44,0,0.5553122162818909,0.17319512367248535
44,0,0.5453117489814758,0.17319512367248535
44,0,0.5219175815582275,0.17319512367248535
44,0,0.4866367280483246,0.17319512367248535
44,0,0.3541674017906189,0.17319512367248535
44,0,0.33257338404655457,0.17319512367248535
45,2,0.8764747381210327,0.15486812591552734
45,2,0.8079349398612976,0.15486812591552734
45,0,0.6861775517463684,0.15486812591552734
45,0,0.6749391555786133,0.15486812591552734
45,0,0.5856741666793823,0.15486812591552734
45,0,0.5836101770401001,0.15486812591552734
45,0,0.5591765642166138,0.15486812591552734
45,0,0.5197047591209412,0.15486812591552734
45,0,0.5001559257507324,0.15486812591552734
45,0,0.36183103919029236,0.15486812591552734
45,0,0.3150660991668701,0.15486812591552734
46,2,0.8800631165504456,0.17567944526672363
46,2,0.8328539729118347,0.17567944526672363
46,0,0.7490561008453369,0.17567944526672363
46,0,0.696345865726471,0.17567944526672363
46,0,0.5864264369010925,0.17567944526672363
46,0,0.5853313207626343,0.17567944526672363
46,0,0.582291305065155,0.17567944526672363
46,0,0.5369542837142944,0.17567944526672363
46,0,0.511833667755127,0.17567944526672363
46,0,0.3466140925884247,0.17567944526672363
46,0,0.26829975843429565,0.17567944526672363
46,2,0.26819488406181335,0.17567944526672363
47,2,0.8738645315170288,0.20809054374694824
47,2,0.8303003311157227,0.20809054374694824
47,0,0.6935850381851196,0.20809054374694824
47,0,0.6805025935173035,0.20809054374694824
47,0,0.6734402179718018,0.20809054374694824
47,0,0.5988961458206177,0.20809054374694824
47,0,0.5817884206771851,0.20809054374694824
47,0,0.5121769905090332,0.20809054374694824
47,0,0.5105438232421875,0.20809054374694824
47,2,0.298437237739563,0.20809054374694824
48,2,0.8642578125,0.06487393379211426
48,2,0.82373046875,0.06487393379211426
48,0,0.740234375,0.06487393379211426
48,0,0.58935546875,0.06487393379211426
48,0,0.58203125,0.06487393379211426
48,0,0.5703125,0.06487393379211426
48,0,0.52734375,0.06487393379211426
48,0,0.48388671875,0.06487393379211426
48,0,0.426025390625,0.06487393379211426
48,0,0.319091796875,0.06487393379211426
48,2,0.2646484375,0.06487393379211426
49,2,0.88525390625,0.04961514472961426
49,2,0.8134765625,0.04961514472961426
49,0,0.71728515625,0.04961514472961426
49,0,0.6572265625,0.04961514472961426
49,0,0.63330078125,0.04961514472961426
49,0,0.60791015625,0.04961514472961426
49,0,0.57470703125,0.04961514472961426
49,0,0.521484375,0.04961514472961426
49,0,0.427978515625,0.04961514472961426
49,0,0.275146484375,0.04961514472961426
49,0,0.262451171875,0.04961514472961426
50,2,0.8984375,0.04994702339172363
50,2,0.8271484375,0.04994702339172363
50,0,0.69873046875,0.04994702339172363
50,0,0.671875,0.04994702339172363
50,0,0.65380859375,0.04994702339172363
50,0,0.63818359375,0.04994702339172363
50,0,0.5849609375,0.04994702339172363
50,0,0.51171875,0.04994702339172363
50,0,0.4990234375,0.04994702339172363
50,0,0.453857421875,0.04994702339172363
50,0,0.253173828125,0.04994702339172363
51,2,0.8759765625,0.052274465560913086
51,2,0.78271484375,0.052274465560913086
51,0,0.701171875,0.052274465560913086
51,0,0.68017578125,0.052274465560913086
51,0,0.6142578125,0.052274465560913086
51,0,0.5966796875,0.052274465560913086
51,0,0.57275390625,0.052274465560913086
51,0,0.55712890625,0.052274465560913086
51,0,0.5068359375,0.052274465560913086
51,2,0.398193359375,0.052274465560913086
52,2,0.89990234375,0.048337459564208984
52,2,0.814453125,0.048337459564208984
52,0,0.6875,0.048337459564208984
52,0,0.66796875,0.048337459564208984
52,0,0.58984375,0.048337459564208984
52,0,0.55712890625,0.048337459564208984
52,0,0.55712890625,0.048337459564208984
52,0,0.42236328125,0.048337459564208984
52,2,0.372802734375,0.048337459564208984
53,2,0.89501953125,0.05198860168457031
53,2,0.818359375,0.05198860168457031
53,0,0.73291015625,0.05198860168457031
53,0,0.5986328125,0.05198860168457031
53,0,0.5849609375,0.05198860168457031
53,0,0.5751953125,0.05198860168457031
53,0,0.53369140625,0.05198860168457031
53,0,0.478515625,0.05198860168457031
53,2,0.454345703125,0.05198860168457031
53,0,0.338134765625,0.05198860168457031
54,2,0.8671875,0.0486760139465332
54,2,0.8251953125,0.0486760139465332
54,0,0.7744140625,0.0486760139465332
54,0,0.6630859375,0.0486760139465332
54,0,0.61279296875,0.0486760139465332
54,0,0.5859375,0.0486760139465332
54,0,0.5546875,0.0486760139465332
54,0,0.55419921875,0.0486760139465332
54,0,0.435791015625,0.0486760139465332
54,2,0.33740234375,0.0486760139465332
55,2,0.8662109375,0.10055255889892578
55,2,0.82763671875,0.10055255889892578
55,0,0.74462890625,0.10055255889892578
55,0,0.68505859375,0.10055255889892578
55,0,0.64306640625,0.10055255889892578
55,0,0.61767578125,0.10055255889892578
55,0,0.52880859375,0.10055255889892578
55,0,0.46240234375,0.10055255889892578
55,2,0.37646484375,0.10055255889892578
55,0,0.28466796875,0.10055255889892578
56,2,0.8330078125,0.05114316940307617
56,2,0.81591796875,0.05114316940307617
56,0,0.66552734375,0.05114316940307617
56,0,0.6630859375,0.05114316940307617
56,0,0.66162109375,0.05114316940307617
56,0,0.61669921875,0.05114316940307617
56,0,0.583984375,0.05114316940307617
56,0,0.58203125,0.05114316940307617
56,2,0.39990234375,0.05114316940307617
56,0,0.368408203125,0.05114316940307617
57,2,0.85693359375,0.05329775810241699
57,2,0.82861328125,0.05329775810241699
57,0,0.6123046875,0.05329775810241699
57,0,0.60791015625,0.05329775810241699
57,0,0.60595703125,0.05329775810241699
57,0,0.5703125,0.05329775810241699
57,0,0.55810546875,0.05329775810241699
57,0,0.55419921875,0.05329775810241699
57,0,0.4794921875,0.05329775810241699
57,2,0.436767578125,0.05329775810241699
57,0,0.3154296875,0.05329775810241699
58,2,0.86767578125,0.06061673164367676
58,2,0.853515625,0.06061673164367676
58,0,0.6259765625,0.06061673164367676
58,0,0.5986328125,0.06061673164367676
58,0,0.58984375,0.06061673164367676
58,0,0.576171875,0.06061673164367676
58,0,0.5400390625,0.06061673164367676
58,0,0.505859375,0.06061673164367676
58,0,0.44873046875,0.06061673164367676
58,2,0.311279296875,0.06061673164367676
59,2,0.85546875,0.06045651435852051
59,2,0.84130859375,0.06045651435852051
59,0,0.6650390625,0.06045651435852051
59,0,0.56396484375,0.06045651435852051
59,0,0.5625,0.06045651435852051
59,0,0.53564453125,0.06045651435852051
59,0,0.47314453125,0.06045651435852051
59,0,0.345458984375,0.06045651435852051
59,0,0.32666015625,0.06045651435852051
59,0,0.2861328125,0.06045651435852051
59,0,0.27001953125,0.06045651435852051
60,2,0.88720703125,0.05849146842956543
60,2,0.7998046875,0.05849146842956543
60,0,0.61083984375,0.05849146842956543
60,0,0.6083984375,0.05849146842956543
60,0,0.572265625,0.05849146842956543
60,0,0.55908203125,0.05849146842956543
60,0,0.53857421875,0.05849146842956543
61,2,0.89599609375,0.05278825759887695
61,2,0.80126953125,0.05278825759887695
61,0,0.666015625,0.05278825759887695
61,0,0.66064453125,0.05278825759887695
61,0,0.6044921875,0.05278825759887695
61,0,0.58447265625,0.05278825759887695
61,0,0.4775390625,0.05278825759887695
61,0,0.300537109375,0.05278825759887695
61,2,0.27587890625,0.05278825759887695
62,2,0.88037109375,0.08884811401367188
62,2,0.7685546875,0.08884811401367188
62,0,0.71923828125,0.08884811401367188
62,0,0.64892578125,0.08884811401367188
62,0,0.58837890625,0.08884811401367188
62,0,0.55712890625,0.08884811401367188
62,0,0.52685546875,0.08884811401367188
62,0,0.373291015625,0.08884811401367188
62,2,0.34326171875,0.08884811401367188
63,2,0.90234375,0.07605862617492676
63,2,0.79638671875,0.07605862617492676
63,0,0.7646484375,0.07605862617492676
63,0,0.64453125,0.07605862617492676
63,0,0.56982421875,0.07605862617492676
63,0,0.54248046875,0.07605862617492676
63,0,0.53369140625,0.07605862617492676
63,2,0.414306640625,0.07605862617492676
63,0,0.343994140625,0.07605862617492676
64,2,0.90380859375,0.06083512306213379
64,2,0.7939453125,0.06083512306213379
64,0,0.73779296875,0.06083512306213379
64,0,0.681640625,0.06083512306213379
64,0,0.58056640625,0.06083512306213379
64,0,0.5517578125,0.06083512306213379
64,0,0.53369140625,0.06083512306213379
64,2,0.486572265625,0.06083512306213379
65,2,0.9072265625,0.05127358436584473
65,2,0.77001953125,0.05127358436584473
65,0,0.71728515625,0.05127358436584473
65,0,0.6513671875,0.05127358436584473
65,0,0.62744140625,0.05127358436584473
65,0,0.5693359375,0.05127358436584473
65,0,0.505859375,0.05127358436584473
65,2,0.421142578125,0.05127358436584473
65,0,0.3642578125,0.05127358436584473
65,0,0.261962890625,0.05127358436584473
66,2,0.90869140625,0.05168294906616211
66,2,0.7802734375,0.05168294906616211
66,0,0.705078125,0.05168294906616211
66,0,0.61962890625,0.05168294906616211
66,0,0.619140625,0.05168294906616211
66,0,0.56298828125,0.05168294906616211
66,0,0.55078125,0.05168294906616211
66,0,0.46875,0.05168294906616211
66,2,0.43017578125,0.05168294906616211
66,0,0.34814453125,0.05168294906616211
66,0,0.322021484375,0.05168294906616211
67,2,0.89208984375,0.055541038513183594
67,2,0.7685546875,0.055541038513183594
67,0,0.6787109375,0.055541038513183594
67,0,0.64697265625,0.055541038513183594
67,0,0.64208984375,0.055541038513183594
67,0,0.57080078125,0.055541038513183594
67,0,0.5625,0.055541038513183594
67,2,0.470703125,0.055541038513183594
67,0,0.445556640625,0.055541038513183594
68,2,0.88427734375,0.0581355094909668
68,2,0.7900390625,0.0581355094909668
68,0,0.66162109375,0.0581355094909668
68,0,0.62548828125,0.0581355094909668
68,0,0.59130859375,0.0581355094909668
68,0,0.5703125,0.0581355094909668
68,0,0.5693359375,0.0581355094909668
68,0,0.5458984375,0.0581355094909668
68,0,0.541015625,0.0581355094909668
68,2,0.343505859375,0.0581355094909668
68,0,0.26318359375,0.0581355094909668
69,2,0.876953125,0.05714225769042969
69,2,0.7666015625,0.05714225769042969
69,0,0.67041015625,0.05714225769042969
69,0,0.66064453125,0.05714225769042969
69,0,0.63232421875,0.05714225769042969
69,0,0.603515625,0.05714225769042969
69,0,0.5771484375,0.05714225769042969
69,0,0.56591796875,0.05714225769042969
69,0,0.5185546875,0.05714225769042969
69,2,0.418212890625,0.05714225769042969
69,0,0.333740234375,0.05714225769042969
70,2,0.89208984375,0.050778865814208984
70,0,0.744140625,0.050778865814208984
70,2,0.7294921875,0.050778865814208984
70,0,0.69921875,0.050778865814208984
70,0,0.68310546875,0.050778865814208984
70,0,0.6298828125,0.050778865814208984
70,0,0.5634765625,0.050778865814208984
70,0,0.533203125,0.050778865814208984
70,0,0.470703125,0.050778865814208984
70,0,0.370849609375,0.050778865814208984
70,2,0.369384765625,0.050778865814208984
71,2,0.88427734375,0.06036186218261719
71,2,0.7236328125,0.06036186218261719
71,0,0.6572265625,0.06036186218261719
71,0,0.64501953125,0.06036186218261719
71,0,0.619140625,0.06036186218261719
71,0,0.5703125,0.06036186218261719
71,0,0.55078125,0.06036186218261719
71,0,0.52783203125,0.06036186218261719
71,0,0.435302734375,0.06036186218261719
71,2,0.39404296875,0.06036186218261719
71,0,0.34619140625,0.06036186218261719
71,9,0.25341796875,0.06036186218261719
72,2,0.8828125,0.05681777000427246
72,2,0.73193359375,0.05681777000427246
72,0,0.650390625,0.05681777000427246
72,0,0.64990234375,0.05681777000427246
72,0,0.63720703125,0.05681777000427246
72,0,0.56689453125,0.05681777000427246
72,0,0.56005859375,0.05681777000427246
72,0,0.52490234375,0.05681777000427246
72,2,0.369384765625,0.05681777000427246
72,0,0.288818359375,0.05681777000427246
73,2,0.88671875,0.05617713928222656
73,2,0.8193359375,0.05617713928222656
73,0,0.671875,0.05617713928222656
73,0,0.6455078125,0.05617713928222656
73,0,0.5576171875,0.05617713928222656
73,0,0.5390625,0.05617713928222656
73,0,0.53076171875,0.05617713928222656
73,0,0.51416015625,0.05617713928222656
73,2,0.3115234375,0.05617713928222656
73,0,0.28662109375,0.05617713928222656
74,2,0.89111328125,0.04162335395812988
74,2,0.818359375,0.04162335395812988
74,0,0.6572265625,0.04162335395812988
74,0,0.60595703125,0.04162335395812988
74,0,0.572265625,0.04162335395812988
74,0,0.55224609375,0.04162335395812988
74,0,0.5263671875,0.04162335395812988
74,0,0.392333984375,0.04162335395812988
74,2,0.388671875,0.04162335395812988
74,0,0.353515625,0.04162335395812988
75,2,0.8662109375,0.13289999961853027
75,2,0.83740234375,0.13289999961853027
75,0,0.63671875,0.13289999961853027
75,0,0.59765625,0.13289999961853027
75,0,0.5859375,0.13289999961853027
75,0,0.568359375,0.13289999961853027
75,0,0.47802734375,0.13289999961853027
75,2,0.428466796875,0.13289999961853027
75,0,0.40771484375,0.13289999961853027
75,0,0.4072265625,0.13289999961853027
75,0,0.28173828125,0.13289999961853027
76,2,0.87353515625,0.06523633003234863
76,2,0.8447265625,0.06523633003234863
76,0,0.6640625,0.06523633003234863
76,0,0.611328125,0.06523633003234863
76,0,0.59130859375,0.06523633003234863
76,2,0.5185546875,0.06523633003234863
76,0,0.4951171875,0.06523633003234863
76,0,0.432861328125,0.06523633003234863
76,0,0.431396484375,0.06523633003234863
76,0,0.29248046875,0.06523633003234863
77,2,0.88037109375,0.0454709529876709
77,2,0.85205078125,0.0454709529876709
77,0,0.66845703125,0.0454709529876709
77,0,0.56689453125,0.0454709529876709
77,0,0.56494140625,0.0454709529876709
77,2,0.54931640625,0.0454709529876709
77,0,0.447509765625,0.0454709529876709
77,0,0.4443359375,0.0454709529876709
77,0,0.365966796875,0.0454709529876709
77,0,0.294677734375,0.0454709529876709
77,0,0.2841796875,0.0454709529876709
78,2,0.87841796875,0.06124067306518555
78,2,0.86767578125,0.06124067306518555
78,0,0.6494140625,0.06124067306518555
78,0,0.58251953125,0.06124067306518555
78,0,0.56640625,0.06124067306518555
78,2,0.4990234375,0.06124067306518555
78,0,0.445556640625,0.06124067306518555
78,0,0.431640625,0.06124067306518555
78,0,0.395263671875,0.06124067306518555
78,0,0.267822265625,0.06124067306518555
79,2,0.86181640625,0.04904317855834961
79,2,0.8447265625,0.04904317855834961
79,0,0.64013671875,0.04904317855834961
79,0,0.564453125,0.04904317855834961
79,2,0.52001953125,0.04904317855834961
79,0,0.50048828125,0.04904317855834961
79,0,0.459228515625,0.04904317855834961
79,0,0.331787109375,0.04904317855834961
79,0,0.310791015625,0.04904317855834961
79,0,0.27001953125,0.04904317855834961
80,2,0.85888671875,0.05262184143066406
80,2,0.8291015625,0.05262184143066406
80,0,0.6884765625,0.05262184143066406
80,0,0.576171875,0.05262184143066406
80,2,0.53271484375,0.05262184143066406
80,0,0.44140625,0.05262184143066406
80,0,0.423095703125,0.05262184143066406
80,0,0.3837890625,0.05262184143066406
80,0,0.292724609375,0.05262184143066406
80,0,0.28271484375,0.05262184143066406
81,2,0.87451171875,0.050069570541381836
81,2,0.8203125,0.050069570541381836
81,0,0.65283203125,0.050069570541381836
81,0,0.61669921875,0.050069570541381836
81,2,0.57470703125,0.050069570541381836
81,0,0.564453125,0.050069570541381836
81,0,0.41552734375,0.050069570541381836
81,0,0.3837890625,0.050069570541381836
81,0,0.365234375,0.050069570541381836
81,0,0.31201171875,0.050069570541381836
82,2,0.900390625,0.04287528991699219
82,2,0.7685546875,0.04287528991699219
82,0,0.671875,0.04287528991699219
82,0,0.6328125,0.04287528991699219
82,2,0.5263671875,0.04287528991699219
82,0,0.452392578125,0.04287528991699219
82,0,0.41162109375,0.04287528991699219
82,0,0.3818359375,0.04287528991699219
82,0,0.35693359375,0.04287528991699219
82,0,0.300048828125,0.04287528991699219
82,0,0.2998046875,0.04287528991699219
82,0,0.261474609375,0.04287528991699219
82,0,0.256591796875,0.04287528991699219
83,2,0.8935546875,0.051778554916381836
83,2,0.728515625,0.051778554916381836
83,0,0.71728515625,0.051778554916381836
83,0,0.5947265625,0.051778554916381836
83,0,0.5625,0.051778554916381836
83,2,0.50244140625,0.051778554916381836
83,0,0.436767578125,0.051778554916381836
83,0,0.35546875,0.051778554916381836
83,0,0.3349609375,0.051778554916381836
83,0,0.288818359375,0.051778554916381836
83,0,0.26953125,0.051778554916381836
83,0,0.268798828125,0.051778554916381836
83,0,0.262451171875,0.051778554916381836
84,2,0.9013671875,0.04899263381958008
84,2,0.72314453125,0.04899263381958008
84,0,0.7158203125,0.04899263381958008
84,0,0.59912109375,0.04899263381958008
84,0,0.5859375,0.04899263381958008
84,0,0.52001953125,0.04899263381958008
84,0,0.46875,0.04899263381958008
84,0,0.4375,0.04899263381958008
84,2,0.429443359375,0.04899263381958008
84,0,0.39404296875,0.04899263381958008
84,0,0.304443359375,0.04899263381958008
85,2,0.90625,0.04767441749572754
85,2,0.7744140625,0.04767441749572754
85,0,0.72705078125,0.04767441749572754
85,0,0.61767578125,0.04767441749572754
85,0,0.5771484375,0.04767441749572754
85,2,0.451416015625,0.04767441749572754
85,0,0.45068359375,0.04767441749572754
85,0,0.4091796875,0.04767441749572754
85,0,0.386474609375,0.04767441749572754
85,0,0.382080078125,0.04767441749572754
85,0,0.313232421875,0.04767441749572754
86,2,0.90869140625,0.050797462463378906
86,2,0.76123046875,0.050797462463378906
86,0,0.7099609375,0.050797462463378906
86,0,0.66064453125,0.050797462463378906
86,0,0.59130859375,0.050797462463378906
86,0,0.5712890625,0.050797462463378906
86,0,0.55908203125,0.050797462463378906
86,0,0.48388671875,0.050797462463378906
86,2,0.424560546875,0.050797462463378906
86,0,0.385498046875,0.050797462463378906
86,0,0.27685546875,0.050797462463378906
87,2,0.9052734375,0.049852848052978516
87,2,0.7939453125,0.049852848052978516
87,0,0.744140625,0.049852848052978516
87,0,0.57666015625,0.049852848052978516
87,0,0.57421875,0.049852848052978516
87,0,0.55810546875,0.049852848052978516
87,2,0.5146484375,0.049852848052978516
87,0,0.50927734375,0.049852848052978516
87,0,0.456787109375,0.049852848052978516
88,2,0.89990234375,0.04795646667480469
88,0,0.77685546875,0.04795646667480469
88,2,0.72998046875,0.04795646667480469
88,0,0.60498046875,0.04795646667480469
88,2,0.60400390625,0.04795646667480469
88,0,0.515625,0.04795646667480469
88,0,0.488525390625,0.04795646667480469
88,0,0.406982421875,0.04795646667480469
88,0,0.281982421875,0.04795646667480469
88,0,0.2548828125,0.04795646667480469
89,2,0.9072265625,0.05018496513366699
89,0,0.7568359375,0.05018496513366699
89,0,0.64306640625,0.05018496513366699
89,2,0.6328125,0.05018496513366699
89,2,0.56884765625,0.05018496513366699
89,0,0.529296875,0.05018496513366699
89,0,0.373779296875,0.05018496513366699
89,0,0.341796875,0.05018496513366699
89,0,0.327880859375,0.05018496513366699
89,0,0.315185546875,0.05018496513366699
89,2,0.255126953125,0.05018496513366699
90,2,0.892578125,0.05112624168395996
90,0,0.767578125,0.05112624168395996
90,0,0.65771484375,0.05112624168395996
90,2,0.64892578125,0.05112624168395996
90,2,0.615234375,0.05112624168395996
90,0,0.4697265625,0.05112624168395996
90,0,0.4482421875,0.05112624168395996
90,0,0.435302734375,0.05112624168395996
90,0,0.293212890625,0.05112624168395996
90,0,0.2802734375,0.05112624168395996
91,2,0.89111328125,0.04143071174621582
91,0,0.6875,0.04143071174621582
91,0,0.6474609375,0.04143071174621582
91,2,0.60498046875,0.04143071174621582
91,2,0.60107421875,0.04143071174621582
91,0,0.57861328125,0.04143071174621582
91,0,0.55908203125,0.04143071174621582
91,0,0.5087890625,0.04143071174621582
91,0,0.398193359375,0.04143071174621582
91,0,0.327392578125,0.04143071174621582
91,0,0.251953125,0.04143071174621582
92,2,0.8828125,0.09546995162963867
92,0,0.66796875,0.09546995162963867
92,2,0.64404296875,0.09546995162963867
92,0,0.642578125,0.09546995162963867
92,2,0.56982421875,0.09546995162963867
92,0,0.54052734375,0.09546995162963867
92,0,0.52490234375,0.09546995162963867
92,0,0.452392578125,0.09546995162963867
92,0,0.42236328125,0.09546995162963867
92,0,0.357421875,0.09546995162963867
92,0,0.292236328125,0.09546995162963867
92,2,0.26171875,0.09546995162963867
93,2,0.88134765625,0.11814475059509277
93,0,0.705078125,0.11814475059509277
93,0,0.65283203125,0.11814475059509277
93,0,0.6455078125,0.11814475059509277
93,0,0.63671875,0.11814475059509277
93,2,0.60009765625,0.11814475059509277
93,0,0.58251953125,0.11814475059509277
93,2,0.482666015625,0.11814475059509277
93,0,0.453125,0.11814475059509277
94,2,0.875,0.055283546447753906
94,0,0.70703125,0.055283546447753906
94,2,0.673828125,0.055283546447753906
94,0,0.64013671875,0.055283546447753906
94,0,0.615234375,0.055283546447753906
94,0,0.609375,0.055283546447753906
94,0,0.60009765625,0.055283546447753906
94,0,0.5126953125,0.055283546447753906
94,2,0.43505859375,0.055283546447753906
95,2,0.88037109375,0.04823923110961914
95,0,0.7666015625,0.04823923110961914
95,2,0.68701171875,0.04823923110961914
95,0,0.65966796875,0.04823923110961914
95,0,0.65869140625,0.04823923110961914
95,0,0.533203125,0.04823923110961914
95,0,0.50439453125,0.04823923110961914
95,2,0.494140625,0.04823923110961914
95,0,0.4638671875,0.04823923110961914
96,2,0.876953125,0.046343326568603516
96,0,0.794921875,0.046343326568603516
96,0,0.72412109375,0.046343326568603516
96,0,0.6474609375,0.046343326568603516
96,2,0.625,0.046343326568603516
96,0,0.5302734375,0.046343326568603516
96,0,0.4970703125,0.046343326568603516
96,2,0.494140625,0.046343326568603516
96,0,0.447998046875,0.046343326568603516
96,0,0.382080078125,0.046343326568603516
96,0,0.317626953125,0.046343326568603516
97,2,0.88525390625,0.0486905574798584
97,0,0.7490234375,0.0486905574798584
97,0,0.72900390625,0.0486905574798584
97,0,0.5771484375,0.0486905574798584
97,2,0.57470703125,0.0486905574798584
97,0,0.548828125,0.0486905574798584
97,0,0.427001953125,0.0486905574798584
97,2,0.38427734375,0.0486905574798584
97,0,0.35302734375,0.0486905574798584
97,0,0.279052734375,0.0486905574798584
97,0,0.25830078125,0.0486905574798584
98,2,0.8818359375,0.04309201240539551
98,0,0.74169921875,0.04309201240539551
98,0,0.67041015625,0.04309201240539551
98,0,0.580078125,0.04309201240539551
98,2,0.544921875,0.04309201240539551
98,0,0.474853515625,0.04309201240539551
98,2,0.468017578125,0.04309201240539551
98,0,0.45556640625,0.04309201240539551
98,0,0.423095703125,0.04309201240539551
98,0,0.391357421875,0.04309201240539551
98,0,0.366943359375,0.04309201240539551
98,0,0.32470703125,0.04309201240539551
98,0,0.296142578125,0.04309201240539551
99,2,0.8857421875,0.043737173080444336
99,0,0.73583984375,0.043737173080444336
99,0,0.73095703125,0.043737173080444336
99,2,0.6787109375,0.043737173080444336
99,0,0.55615234375,0.043737173080444336
99,0,0.51904296875,0.043737173080444336
99,0,0.5146484375,0.043737173080444336
99,0,0.49462890625,0.043737173080444336
99,2,0.47412109375,0.043737173080444336
99,0,0.466796875,0.043737173080444336
99,0,0.410888671875,0.043737173080444336
99,0,0.326904296875,0.043737173080444336
99,0,0.318115234375,0.043737173080444336
100,2,0.875,0.04201030731201172
100,0,0.734375,0.04201030731201172
100,0,0.7060546875,0.04201030731201172
100,2,0.63671875,0.04201030731201172
100,0,0.61376953125,0.04201030731201172
100,0,0.56005859375,0.04201030731201172
100,0,0.52001953125,0.04201030731201172
100,0,0.48388671875,0.04201030731201172
100,2,0.47412109375,0.04201030731201172
100,0,0.464599609375,0.04201030731201172
100,0,0.439208984375,0.04201030731201172
100,0,0.39208984375,0.04201030731201172
100,0,0.2861328125,0.04201030731201172
100,0,0.25341796875,0.04201030731201172
101,2,0.8828125,0.04472208023071289
101,0,0.7216796875,0.04472208023071289
101,0,0.70361328125,0.04472208023071289
101,2,0.63525390625,0.04472208023071289
101,2,0.5654296875,0.04472208023071289
101,0,0.541015625,0.04472208023071289
101,0,0.53466796875,0.04472208023071289
101,0,0.49853515625,0.04472208023071289
101,0,0.4794921875,0.04472208023071289
101,0,0.390625,0.04472208023071289
101,0,0.3720703125,0.04472208023071289
101,0,0.254638671875,0.04472208023071289
102,2,0.873046875,0.04337739944458008
102,0,0.75634765625,0.04337739944458008
102,0,0.7333984375,0.04337739944458008
102,0,0.732421875,0.04337739944458008
102,0,0.58837890625,0.04337739944458008
102,0,0.56787109375,0.04337739944458008
102,0,0.552734375,0.04337739944458008
102,2,0.42138671875,0.04337739944458008
102,2,0.364013671875,0.04337739944458008
102,0,0.31396484375,0.04337739944458008
102,0,0.2841796875,0.04337739944458008
103,2,0.88818359375,0.03814339637756348
103,0,0.7880859375,0.03814339637756348
103,0,0.75390625,0.03814339637756348
103,0,0.73876953125,0.03814339637756348
103,0,0.6376953125,0.03814339637756348
103,2,0.458740234375,0.03814339637756348
103,0,0.403076171875,0.03814339637756348
103,0,0.379150390625,0.03814339637756348
103,0,0.367919921875,0.03814339637756348
103,0,0.360107421875,0.03814339637756348
103,2,0.3330078125,0.03814339637756348
103,0,0.259521484375,0.03814339637756348
104,2,0.8935546875,0.0516817569732666
104,0,0.7890625,0.0516817569732666
104,0,0.77392578125,0.0516817569732666
104,0,0.75732421875,0.0516817569732666
104,0,0.607421875,0.0516817569732666
104,0,0.471923828125,0.0516817569732666
104,2,0.42529296875,0.0516817569732666
104,0,0.37646484375,0.0516817569732666
104,2,0.313232421875,0.0516817569732666
104,0,0.308349609375,0.0516817569732666
104,0,0.284423828125,0.0516817569732666
105,2,0.8935546875,0.050399065017700195
105,0,0.79736328125,0.050399065017700195
105,0,0.78759765625,0.050399065017700195
105,0,0.779296875,0.050399065017700195
105,0,0.56689453125,0.050399065017700195
105,0,0.5126953125,0.050399065017700195
105,2,0.50244140625,0.050399065017700195
105,2,0.4580078125,0.050399065017700195
105,0,0.358642578125,0.050399065017700195
105,0,0.340087890625,0.050399065017700195
105,0,0.263916015625,0.050399065017700195
105,0,0.261962890625,0.050399065017700195
105,0,0.261474609375,0.050399065017700195
106,2,0.85986328125,0.11105656623840332
106,2,0.77880859375,0.11105656623840332
106,0,0.67236328125,0.11105656623840332
106,0,0.54541015625,0.11105656623840332
106,0,0.54541015625,0.11105656623840332
106,0,0.453857421875,0.11105656623840332
106,0,0.406982421875,0.11105656623840332
107,2,0.89111328125,0.053705692291259766
107,0,0.67724609375,0.053705692291259766
107,2,0.673828125,0.053705692291259766
107,0,0.64990234375,0.053705692291259766
107,0,0.5791015625,0.053705692291259766
107,0,0.5615234375,0.053705692291259766
107,0,0.306884765625,0.053705692291259766
108,2,0.873046875,0.052809715270996094
108,2,0.76123046875,0.052809715270996094
108,0,0.70068359375,0.052809715270996094
108,0,0.69287109375,0.052809715270996094
108,0,0.666015625,0.052809715270996094
108,0,0.53125,0.052809715270996094
108,0,0.3994140625,0.052809715270996094
108,2,0.398681640625,0.052809715270996094
108,0,0.387939453125,0.052809715270996094
108,0,0.2724609375,0.052809715270996094
108,0,0.257080078125,0.052809715270996094
109,2,0.8583984375,0.043994903564453125
109,2,0.7666015625,0.043994903564453125
109,0,0.7294921875,0.043994903564453125
109,0,0.68359375,0.043994903564453125
109,0,0.68017578125,0.043994903564453125
109,2,0.54638671875,0.043994903564453125
109,0,0.51171875,0.043994903564453125
109,0,0.255859375,0.043994903564453125
110,2,0.8583984375,0.0544130802154541
110,2,0.79248046875,0.0544130802154541
110,0,0.74755859375,0.0544130802154541
110,0,0.66943359375,0.0544130802154541
110,0,0.642578125,0.0544130802154541
110,0,0.5947265625,0.0544130802154541
110,2,0.52099609375,0.0544130802154541
110,0,0.37255859375,0.0544130802154541
110,0,0.363525390625,0.0544130802154541
110,0,0.260498046875,0.0544130802154541
111,2,0.8759765625,0.056507110595703125
111,2,0.79248046875,0.056507110595703125
111,0,0.724609375,0.056507110595703125
111,0,0.64501953125,0.056507110595703125
111,0,0.6083984375,0.056507110595703125
111,0,0.568359375,0.056507110595703125
111,2,0.525390625,0.056507110595703125
111,0,0.464599609375,0.056507110595703125
111,0,0.349609375,0.056507110595703125
111,0,0.308349609375,0.056507110595703125
112,2,0.8701171875,0.054267168045043945
112,0,0.75244140625,0.054267168045043945
112,0,0.72216796875,0.054267168045043945
112,0,0.70068359375,0.054267168045043945
112,0,0.66015625,0.054267168045043945
112,2,0.63671875,0.054267168045043945
112,0,0.50927734375,0.054267168045043945
112,2,0.4931640625,0.054267168045043945
112,0,0.328857421875,0.054267168045043945
112,0,0.28271484375,0.054267168045043945
113,2,0.8662109375,0.05040264129638672
113,2,0.8115234375,0.05040264129638672
113,0,0.7109375,0.05040264129638672
113,0,0.6806640625,0.05040264129638672
113,0,0.66748046875,0.05040264129638672
113,0,0.62939453125,0.05040264129638672
113,2,0.55126953125,0.05040264129638672
113,0,0.416259765625,0.05040264129638672
113,0,0.34716796875,0.05040264129638672
113,2,0.29638671875,0.05040264129638672
114,2,0.85107421875,0.04911470413208008
114,2,0.82958984375,0.04911470413208008
114,0,0.7119140625,0.04911470413208008
114,0,0.7099609375,0.04911470413208008
114,0,0.6640625,0.04911470413208008
114,0,0.59814453125,0.04911470413208008
114,2,0.5224609375,0.04911470413208008
114,0,0.42236328125,0.04911470413208008
114,0,0.412841796875,0.04911470413208008
114,2,0.35009765625,0.04911470413208008
114,0,0.345703125,0.04911470413208008
114,0,0.33740234375,0.04911470413208008
114,0,0.294677734375,0.04911470413208008
115,2,0.869140625,0.04758000373840332
115,2,0.84228515625,0.04758000373840332
115,0,0.70556640625,0.04758000373840332
115,0,0.69677734375,0.04758000373840332
115,0,0.67626953125,0.04758000373840332
115,0,0.6513671875,0.04758000373840332
115,2,0.48486328125,0.04758000373840332
115,0,0.43310546875,0.04758000373840332
115,2,0.431640625,0.04758000373840332
115,0,0.405029296875,0.04758000373840332
115,0,0.390625,0.04758000373840332
115,0,0.37451171875,0.04758000373840332
115,0,0.35009765625,0.04758000373840332
116,2,0.8017578125,0.04910087585449219
116,2,0.7626953125,0.04910087585449219
116,0,0.61279296875,0.04910087585449219
116,0,0.404541015625,0.04910087585449219
116,0,0.3671875,0.04910087585449219
116,2,0.278564453125,0.04910087585449219
117,0,0.640625,0.047997236251831055
117,2,0.568359375,0.047997236251831055
117,0,0.544921875,0.047997236251831055
117,0,0.4501953125,0.047997236251831055
117,2,0.427001953125,0.047997236251831055
117,0,0.3603515625,0.047997236251831055
117,0,0.32421875,0.047997236251831055
118,2,0.794921875,0.10002541542053223
118,0,0.76171875,0.10002541542053223
118,0,0.708984375,0.10002541542053223
118,2,0.69189453125,0.10002541542053223
118,0,0.623046875,0.10002541542053223
118,0,0.59326171875,0.10002541542053223
118,0,0.5927734375,0.10002541542053223
118,2,0.4345703125,0.10002541542053223
118,2,0.296875,0.10002541542053223
119,2,0.8056640625,0.049483299255371094
119,2,0.78564453125,0.049483299255371094
119,0,0.73779296875,0.049483299255371094
119,0,0.71044921875,0.049483299255371094
119,0,0.6728515625,0.049483299255371094
119,0,0.615234375,0.049483299255371094
119,0,0.60791015625,0.049483299255371094
119,0,0.45703125,0.049483299255371094
119,2,0.395751953125,0.049483299255371094
120,2,0.83544921875,0.050048828125
120,2,0.78125,0.050048828125
120,0,0.7607421875,0.050048828125
120,0,0.6826171875,0.050048828125
120,0,0.5283203125,0.050048828125
120,0,0.5263671875,0.050048828125
120,0,0.475830078125,0.050048828125
120,2,0.423828125,0.050048828125
120,0,0.36669921875,0.050048828125
120,0,0.325927734375,0.050048828125
121,2,0.849609375,0.0517728328704834
121,0,0.734375,0.0517728328704834
121,2,0.72607421875,0.0517728328704834
121,0,0.7255859375,0.0517728328704834
121,0,0.63525390625,0.0517728328704834
121,0,0.5859375,0.0517728328704834
121,0,0.5634765625,0.0517728328704834
121,2,0.4931640625,0.0517728328704834
121,0,0.4794921875,0.0517728328704834
121,2,0.4189453125,0.0517728328704834
121,0,0.37158203125,0.0517728328704834
121,2,0.290771484375,0.0517728328704834
122,2,0.7919921875,0.047486305236816406
122,0,0.71630859375,0.047486305236816406
122,0,0.6962890625,0.047486305236816406
122,0,0.69482421875,0.047486305236816406
122,2,0.650390625,0.047486305236816406
122,0,0.59375,0.047486305236816406
122,0,0.51708984375,0.047486305236816406
122,2,0.491943359375,0.047486305236816406
122,0,0.465576171875,0.047486305236816406
122,0,0.31982421875,0.047486305236816406
122,2,0.318603515625,0.047486305236816406
123,2,0.77978515625,0.051531076431274414
123,0,0.7314453125,0.051531076431274414
123,0,0.73046875,0.051531076431274414
123,0,0.61083984375,0.051531076431274414
123,0,0.56689453125,0.051531076431274414
123,2,0.55615234375,0.051531076431274414
123,0,0.50634765625,0.051531076431274414
123,0,0.50146484375,0.051531076431274414
123,2,0.46923828125,0.051531076431274414
123,0,0.42919921875,0.051531076431274414
123,0,0.38671875,0.051531076431274414
123,2,0.3251953125,0.051531076431274414
123,1,0.30810546875,0.051531076431274414
123,1,0.264404296875,0.051531076431274414
124,2,0.83935546875,0.05161690711975098
124,0,0.7294921875,0.05161690711975098
124,0,0.705078125,0.05161690711975098
124,2,0.6884765625,0.05161690711975098
124,0,0.59765625,0.05161690711975098
124,0,0.576171875,0.05161690711975098
124,0,0.478515625,0.05161690711975098
124,2,0.472412109375,0.05161690711975098
124,0,0.435302734375,0.05161690711975098
124,2,0.365234375,0.05161690711975098
124,0,0.359619140625,0.05161690711975098
124,1,0.30126953125,0.05161690711975098
124,0,0.2734375,0.05161690711975098
124,1,0.270263671875,0.05161690711975098
125,2,0.8759765625,0.04898786544799805
125,0,0.73779296875,0.04898786544799805
125,0,0.7255859375,0.04898786544799805
125,2,0.724609375,0.04898786544799805
125,0,0.6357421875,0.04898786544799805
125,0,0.560546875,0.04898786544799805
125,0,0.509765625,0.04898786544799805
125,2,0.50927734375,0.04898786544799805
125,0,0.4833984375,0.04898786544799805
125,0,0.42138671875,0.04898786544799805
125,2,0.4072265625,0.04898786544799805
125,1,0.2705078125,0.04898786544799805
126,2,0.873046875,0.048645973205566406
126,0,0.75830078125,0.048645973205566406
126,0,0.720703125,0.048645973205566406
126,2,0.68408203125,0.048645973205566406
126,0,0.56005859375,0.048645973205566406
126,0,0.5498046875,0.048645973205566406
126,2,0.50390625,0.048645973205566406
126,0,0.476318359375,0.048645973205566406
126,0,0.462890625,0.048645973205566406
126,2,0.446044921875,0.048645973205566406
126,0,0.3056640625,0.048645973205566406
126,0,0.2958984375,0.048645973205566406
127,2,0.890625,0.04588794708251953
127,0,0.7451171875,0.04588794708251953
127,0,0.7294921875,0.04588794708251953
127,2,0.666015625,0.04588794708251953
127,2,0.47265625,0.04588794708251953
127,0,0.472412109375,0.04588794708251953
127,0,0.45556640625,0.04588794708251953
127,2,0.429443359375,0.04588794708251953
127,0,0.4169921875,0.04588794708251953
127,0,0.402587890625,0.04588794708251953
127,0,0.397705078125,0.04588794708251953
127,0,0.328369140625,0.04588794708251953
128,2,0.88427734375,0.09991979598999023
128,0,0.7646484375,0.09991979598999023
128,0,0.72119140625,0.09991979598999023
128,0,0.6748046875,0.09991979598999023
128,2,0.66162109375,0.09991979598999023
128,0,0.456298828125,0.09991979598999023
128,0,0.453125,0.09991979598999023
128,2,0.43603515625,0.09991979598999023
128,2,0.4287109375,0.09991979598999023
128,0,0.38916015625,0.09991979598999023
128,0,0.298583984375,0.09991979598999023
128,0,0.2880859375,0.09991979598999023
128,0,0.277099609375,0.09991979598999023
129,2,0.8798828125,0.0554654598236084
129,0,0.759765625,0.0554654598236084
129,0,0.71337890625,0.0554654598236084
129,2,0.68505859375,0.0554654598236084
129,0,0.6455078125,0.0554654598236084
129,2,0.470947265625,0.0554654598236084
129,2,0.4189453125,0.0554654598236084
129,0,0.396484375,0.0554654598236084
129,0,0.322998046875,0.0554654598236084
129,0,0.314208984375,0.0554654598236084
129,0,0.255126953125,0.0554654598236084
130,2,0.890625,0.05117940902709961
130,0,0.75341796875,0.05117940902709961
130,0,0.740234375,0.05117940902709961
130,2,0.67529296875,0.05117940902709961
130,0,0.666015625,0.05117940902709961
130,0,0.60205078125,0.05117940902709961
130,0,0.52001953125,0.05117940902709961
130,2,0.451416015625,0.05117940902709961
130,2,0.4384765625,0.05117940902709961
130,0,0.39990234375,0.05117940902709961
130,0,0.33544921875,0.05117940902709961
130,0,0.2822265625,0.05117940902709961
130,0,0.26953125,0.05117940902709961
131,2,0.89453125,0.05199146270751953
131,0,0.73388671875,0.05199146270751953
131,2,0.7138671875,0.05199146270751953
131,0,0.68017578125,0.05199146270751953
131,0,0.64990234375,0.05199146270751953
131,0,0.5986328125,0.05199146270751953
131,0,0.4775390625,0.05199146270751953
131,2,0.470703125,0.05199146270751953
131,0,0.4697265625,0.05199146270751953
131,2,0.453125,0.05199146270751953
131,0,0.430908203125,0.05199146270751953
132,2,0.92236328125,0.05259871482849121
132,0,0.7265625,0.05259871482849121
132,0,0.650390625,0.05259871482849121
132,2,0.61962890625,0.05259871482849121
132,0,0.5537109375,0.05259871482849121
132,0,0.50048828125,0.05259871482849121
132,2,0.465576171875,0.05259871482849121
132,0,0.4375,0.05259871482849121
132,2,0.408935546875,0.05259871482849121
132,0,0.38916015625,0.05259871482849121
132,0,0.379150390625,0.05259871482849121
133,2,0.9150390625,0.05081534385681152
133,0,0.751953125,0.05081534385681152
133,0,0.70947265625,0.05081534385681152
133,2,0.63623046875,0.05081534385681152
133,2,0.57470703125,0.05081534385681152
133,0,0.5458984375,0.05081534385681152
133,0,0.533203125,0.05081534385681152
133,0,0.5107421875,0.05081534385681152
133,0,0.467529296875,0.05081534385681152
133,0,0.3349609375,0.05081534385681152
133,2,0.33154296875,0.05081534385681152
134,2,0.7744140625,0.05473947525024414
134,0,0.70166015625,0.05473947525024414
134,0,0.6943359375,0.05473947525024414
134,0,0.63671875,0.05473947525024414
134,0,0.52978515625,0.05473947525024414
134,2,0.50830078125,0.05473947525024414
134,0,0.424560546875,0.05473947525024414
134,2,0.37158203125,0.05473947525024414
134,0,0.297607421875,0.05473947525024414
134,0,0.278076171875,0.05473947525024414
134,2,0.273681640625,0.05473947525024414
134,2,0.259033203125,0.05473947525024414
135,2,0.876953125,0.051909446716308594
135,0,0.73046875,0.051909446716308594
135,2,0.673828125,0.051909446716308594
135,0,0.62353515625,0.051909446716308594
135,0,0.6064453125,0.051909446716308594
135,0,0.5234375,0.051909446716308594
135,0,0.467041015625,0.051909446716308594
135,2,0.28857421875,0.051909446716308594
135,0,0.273681640625,0.051909446716308594
136,2,0.8818359375,0.054779767990112305
136,0,0.78515625,0.054779767990112305
136,0,0.68017578125,0.054779767990112305
136,0,0.6455078125,0.054779767990112305
136,2,0.529296875,0.054779767990112305
136,0,0.5048828125,0.054779767990112305
136,0,0.5009765625,0.054779767990112305
136,2,0.403076171875,0.054779767990112305
136,0,0.3310546875,0.054779767990112305
137,2,0.87841796875,0.04920601844787598
137,0,0.7890625,0.04920601844787598
137,0,0.7734375,0.04920601844787598
137,2,0.71630859375,0.04920601844787598
137,0,0.666015625,0.04920601844787598
137,0,0.58642578125,0.04920601844787598
137,0,0.57666015625,0.04920601844787598
137,0,0.396240234375,0.04920601844787598
137,2,0.305419921875,0.04920601844787598
137,2,0.296630859375,0.04920601844787598
138,2,0.876953125,0.10520815849304199
138,0,0.701171875,0.10520815849304199
138,0,0.67626953125,0.10520815849304199
138,0,0.6630859375,0.10520815849304199
138,0,0.66162109375,0.10520815849304199
138,2,0.60546875,0.10520815849304199
138,0,0.486572265625,0.10520815849304199
138,0,0.486572265625,0.10520815849304199
138,2,0.3349609375,0.10520815849304199
138,2,0.326171875,0.10520815849304199
138,2,0.2666015625,0.10520815849304199
139,2,0.8583984375,0.048294782638549805
139,0,0.771484375,0.048294782638549805
139,2,0.69580078125,0.048294782638549805
139,0,0.689453125,0.048294782638549805
139,0,0.65087890625,0.048294782638549805
139,0,0.63427734375,0.048294782638549805
139,0,0.54150390625,0.048294782638549805
139,0,0.521484375,0.048294782638549805
139,2,0.368408203125,0.048294782638549805
139,2,0.363037109375,0.048294782638549805
139,0,0.32373046875,0.048294782638549805
140,2,0.80419921875,0.04595947265625
140,0,0.79443359375,0.04595947265625
140,2,0.76123046875,0.04595947265625
140,0,0.69921875,0.04595947265625
140,0,0.69287109375,0.04595947265625
140,0,0.5986328125,0.04595947265625
140,0,0.55224609375,0.04595947265625
140,0,0.482177734375,0.04595947265625
140,2,0.43310546875,0.04595947265625
140,2,0.329345703125,0.04595947265625
141,2,0.8017578125,0.059310197830200195
141,0,0.78759765625,0.059310197830200195
141,2,0.75634765625,0.059310197830200195
141,0,0.71875,0.059310197830200195
141,0,0.67529296875,0.059310197830200195
141,0,0.59716796875,0.059310197830200195
141,0,0.564453125,0.059310197830200195
141,0,0.447509765625,0.059310197830200195
141,2,0.4111328125,0.059310197830200195
141,2,0.373291015625,0.059310197830200195
142,0,0.8232421875,0.06227231025695801
142,2,0.7724609375,0.06227231025695801
142,2,0.69970703125,0.06227231025695801
142,0,0.68701171875,0.06227231025695801
142,0,0.591796875,0.06227231025695801
142,0,0.57470703125,0.06227231025695801
142,0,0.501953125,0.06227231025695801
142,2,0.44677734375,0.06227231025695801
142,2,0.399169921875,0.06227231025695801
142,0,0.373779296875,0.06227231025695801
142,0,0.3525390625,0.06227231025695801
142,0,0.29150390625,0.06227231025695801
143,0,0.82763671875,0.05802512168884277
143,2,0.78759765625,0.05802512168884277
143,2,0.74169921875,0.05802512168884277
143,0,0.7138671875,0.05802512168884277
143,0,0.56982421875,0.05802512168884277
143,0,0.55908203125,0.05802512168884277
143,2,0.447509765625,0.05802512168884277
143,0,0.429931640625,0.05802512168884277
143,0,0.427490234375,0.05802512168884277
143,2,0.4013671875,0.05802512168884277
143,0,0.3232421875,0.05802512168884277
143,0,0.307861328125,0.05802512168884277
144,0,0.8251953125,0.053589582443237305
144,2,0.7900390625,0.053589582443237305
144,0,0.75830078125,0.053589582443237305
144,2,0.73779296875,0.053589582443237305
144,0,0.56005859375,0.053589582443237305
144,0,0.50244140625,0.053589582443237305
144,0,0.489013671875,0.053589582443237305
144,2,0.45556640625,0.053589582443237305
144,0,0.435302734375,0.053589582443237305
144,2,0.402099609375,0.053589582443237305
144,0,0.374267578125,0.053589582443237305
144,0,0.316162109375,0.053589582443237305
145,0,0.84228515625,0.05260729789733887
145,2,0.77685546875,0.05260729789733887
145,0,0.74072265625,0.05260729789733887
145,2,0.72314453125,0.05260729789733887
145,0,0.58544921875,0.05260729789733887
145,0,0.544921875,0.05260729789733887
145,0,0.529296875,0.05260729789733887
145,2,0.5283203125,0.05260729789733887
145,0,0.517578125,0.05260729789733887
145,0,0.41552734375,0.05260729789733887
145,2,0.299072265625,0.05260729789733887
145,0,0.287353515625,0.05260729789733887
146,0,0.8388671875,0.047414302825927734
146,2,0.7890625,0.047414302825927734
146,0,0.73583984375,0.047414302825927734
146,0,0.5810546875,0.047414302825927734
146,0,0.5126953125,0.047414302825927734
146,2,0.5048828125,0.047414302825927734
146,0,0.46630859375,0.047414302825927734
146,2,0.456787109375,0.047414302825927734
146,0,0.40966796875,0.047414302825927734
146,0,0.330810546875,0.047414302825927734
146,0,0.312744140625,0.047414302825927734
146,0,0.2763671875,0.047414302825927734
146,0,0.27294921875,0.047414302825927734
146,2,0.268310546875,0.047414302825927734
147,0,0.8330078125,0.09627842903137207
147,0,0.732421875,0.09627842903137207
147,2,0.71240234375,0.09627842903137207
147,2,0.68359375,0.09627842903137207
147,0,0.63134765625,0.09627842903137207
147,0,0.53759765625,0.09627842903137207
147,0,0.462158203125,0.09627842903137207
147,2,0.46044921875,0.09627842903137207
147,0,0.43603515625,0.09627842903137207
147,0,0.402587890625,0.09627842903137207
147,0,0.39501953125,0.09627842903137207
147,2,0.32958984375,0.09627842903137207
147,0,0.28125,0.09627842903137207
147,0,0.27490234375,0.09627842903137207
147,2,0.257080078125,0.09627842903137207
148,0,0.8408203125,0.06136178970336914
148,2,0.76123046875,0.06136178970336914
148,0,0.7529296875,0.06136178970336914
148,2,0.6748046875,0.06136178970336914
148,0,0.62060546875,0.06136178970336914
148,0,0.50634765625,0.06136178970336914
148,0,0.468505859375,0.06136178970336914
148,2,0.467529296875,0.06136178970336914
148,2,0.4580078125,0.06136178970336914
148,0,0.4052734375,0.06136178970336914
148,0,0.399169921875,0.06136178970336914
148,0,0.348388671875,0.06136178970336914
148,0,0.327880859375,0.06136178970336914
148,0,0.302490234375,0.06136178970336914
148,0,0.260498046875,0.06136178970336914
149,2,0.80712890625,0.05608654022216797
149,0,0.80517578125,0.05608654022216797
149,0,0.67333984375,0.05608654022216797
149,0,0.65283203125,0.05608654022216797
149,0,0.650390625,0.05608654022216797
149,0,0.52392578125,0.05608654022216797
149,0,0.487548828125,0.05608654022216797
149,0,0.423095703125,0.05608654022216797
149,2,0.407958984375,0.05608654022216797
149,2,0.368896484375,0.05608654022216797
149,2,0.30908203125,0.05608654022216797
149,2,0.29638671875,0.05608654022216797
149,0,0.266357421875,0.05608654022216797
150,2,0.85498046875,0.050321102142333984
150,0,0.73828125,0.050321102142333984
150,0,0.7099609375,0.050321102142333984
150,0,0.58447265625,0.050321102142333984
150,0,0.5703125,0.050321102142333984
150,0,0.55810546875,0.050321102142333984
150,0,0.54345703125,0.050321102142333984
150,2,0.5361328125,0.050321102142333984
150,2,0.5185546875,0.050321102142333984
150,0,0.51171875,0.050321102142333984
150,2,0.326904296875,0.050321102142333984
150,0,0.3173828125,0.050321102142333984
150,2,0.304931640625,0.050321102142333984
150,2,0.2734375,0.050321102142333984
151,2,0.84619140625,0.04119086265563965
151,0,0.75830078125,0.04119086265563965
151,0,0.68359375,0.04119086265563965
151,0,0.60400390625,0.04119086265563965
151,0,0.5517578125,0.04119086265563965
151,0,0.529296875,0.04119086265563965
151,0,0.5244140625,0.04119086265563965
151,0,0.4853515625,0.04119086265563965
151,2,0.4638671875,0.04119086265563965
151,2,0.449951171875,0.04119086265563965
151,0,0.405029296875,0.04119086265563965
151,26,0.359130859375,0.04119086265563965
151,0,0.328369140625,0.04119086265563965
151,2,0.31884765625,0.04119086265563965
152,2,0.810546875,0.05398058891296387
152,0,0.80615234375,0.05398058891296387
152,0,0.708984375,0.05398058891296387
152,0,0.63134765625,0.05398058891296387
152,0,0.56689453125,0.05398058891296387
152,0,0.5283203125,0.05398058891296387
152,2,0.50537109375,0.05398058891296387
152,2,0.416259765625,0.05398058891296387
152,2,0.41259765625,0.05398058891296387
152,0,0.387939453125,0.05398058891296387
152,0,0.38720703125,0.05398058891296387
152,0,0.38623046875,0.05398058891296387
152,0,0.341796875,0.05398058891296387
152,2,0.32373046875,0.05398058891296387
152,0,0.287109375,0.05398058891296387
153,2,0.810546875,0.059121131896972656
153,0,0.77685546875,0.059121131896972656
153,0,0.70556640625,0.059121131896972656
153,0,0.60791015625,0.059121131896972656
153,2,0.572265625,0.059121131896972656
153,0,0.57080078125,0.059121131896972656
153,0,0.5224609375,0.059121131896972656
153,0,0.51806640625,0.059121131896972656
153,2,0.4697265625,0.059121131896972656
153,2,0.443603515625,0.059121131896972656
153,0,0.40380859375,0.059121131896972656
153,0,0.39453125,0.059121131896972656
153,0,0.3662109375,0.059121131896972656
153,2,0.339111328125,0.059121131896972656
153,0,0.323974609375,0.059121131896972656
153,0,0.2578125,0.059121131896972656
154,2,0.81591796875,0.054848670959472656
154,0,0.7822265625,0.054848670959472656
154,0,0.7021484375,0.054848670959472656
154,2,0.669921875,0.054848670959472656
154,0,0.5859375,0.054848670959472656
154,0,0.55419921875,0.054848670959472656
154,0,0.53271484375,0.054848670959472656
154,2,0.52490234375,0.054848670959472656
154,2,0.5009765625,0.054848670959472656
154,0,0.455810546875,0.054848670959472656
154,0,0.379150390625,0.054848670959472656
154,0,0.37548828125,0.054848670959472656
154,0,0.255859375,0.054848670959472656
154,0,0.254150390625,0.054848670959472656
155,2,0.81201171875,0.05554509162902832
155,0,0.73779296875,0.05554509162902832
155,2,0.73583984375,0.05554509162902832
155,0,0.70947265625,0.05554509162902832
155,2,0.58203125,0.05554509162902832
155,0,0.55517578125,0.05554509162902832
155,0,0.55517578125,0.05554509162902832
155,0,0.5419921875,0.05554509162902832
155,2,0.5185546875,0.05554509162902832
155,0,0.486328125,0.05554509162902832
155,0,0.439208984375,0.05554509162902832
155,0,0.3544921875,0.05554509162902832
156,0,0.7734375,0.1365671157836914
156,2,0.76611328125,0.1365671157836914
156,2,0.76416015625,0.1365671157836914
156,0,0.6474609375,0.1365671157836914
156,0,0.62646484375,0.1365671157836914
156,0,0.5791015625,0.1365671157836914
156,0,0.51904296875,0.1365671157836914
156,0,0.4775390625,0.1365671157836914
156,0,0.449462890625,0.1365671157836914
156,2,0.4052734375,0.1365671157836914
156,2,0.402099609375,0.1365671157836914
156,2,0.348388671875,0.1365671157836914
156,0,0.34130859375,0.1365671157836914
157,0,0.81787109375,0.06254911422729492
157,2,0.720703125,0.06254911422729492
157,0,0.68701171875,0.06254911422729492
157,2,0.6650390625,0.06254911422729492
157,0,0.65771484375,0.06254911422729492
157,2,0.59716796875,0.06254911422729492
157,0,0.58935546875,0.06254911422729492
157,0,0.568359375,0.06254911422729492
157,0,0.51318359375,0.06254911422729492
157,2,0.475830078125,0.06254911422729492
157,0,0.45703125,0.06254911422729492
157,0,0.4189453125,0.06254911422729492
157,2,0.3359375,0.06254911422729492
158,0,0.80078125,0.06086015701293945
158,2,0.70556640625,0.06086015701293945
158,2,0.705078125,0.06086015701293945
158,0,0.6826171875,0.06086015701293945
158,0,0.65625,0.06086015701293945
158,0,0.63818359375,0.06086015701293945
158,0,0.56591796875,0.06086015701293945
158,2,0.5498046875,0.06086015701293945
158,0,0.48583984375,0.06086015701293945
158,0,0.47900390625,0.06086015701293945
158,0,0.365966796875,0.06086015701293945
158,2,0.34912109375,0.06086015701293945
158,2,0.265869140625,0.06086015701293945
159,0,0.81640625,0.059589385986328125
159,2,0.71240234375,0.059589385986328125
159,0,0.705078125,0.059589385986328125
159,0,0.68701171875,0.059589385986328125
159,2,0.68310546875,0.059589385986328125
159,0,0.63427734375,0.059589385986328125
159,0,0.580078125,0.059589385986328125
159,0,0.55517578125,0.059589385986328125
159,0,0.55078125,0.059589385986328125
159,2,0.49560546875,0.059589385986328125
159,0,0.31201171875,0.059589385986328125
160,0,0.81591796875,0.04742169380187988
160,0,0.7138671875,0.04742169380187988
160,2,0.7119140625,0.04742169380187988
160,0,0.7001953125,0.04742169380187988
160,0,0.681640625,0.04742169380187988
160,0,0.625,0.04742169380187988
160,2,0.61181640625,0.04742169380187988
160,0,0.59033203125,0.04742169380187988
160,0,0.55810546875,0.04742169380187988
160,2,0.5390625,0.04742169380187988
160,0,0.283447265625,0.04742169380187988
160,2,0.27099609375,0.04742169380187988
160,2,0.25244140625,0.04742169380187988
161,0,0.8388671875,0.05751538276672363
161,2,0.77001953125,0.05751538276672363
161,0,0.728515625,0.05751538276672363
161,0,0.6953125,0.05751538276672363
161,2,0.69287109375,0.05751538276672363
161,0,0.68896484375,0.05751538276672363
161,0,0.640625,0.05751538276672363
161,0,0.5390625,0.05751538276672363
161,2,0.50341796875,0.05751538276672363
161,0,0.482177734375,0.05751538276672363
161,2,0.443603515625,0.05751538276672363
161,0,0.44287109375,0.05751538276672363
162,0,0.8203125,0.0515444278717041
162,2,0.767578125,0.0515444278717041
162,0,0.72705078125,0.0515444278717041
162,2,0.7119140625,0.0515444278717041
162,0,0.7099609375,0.0515444278717041
162,0,0.658203125,0.0515444278717041
162,0,0.60986328125,0.0515444278717041
162,2,0.5595703125,0.0515444278717041
162,0,0.53125,0.0515444278717041
162,0,0.50439453125,0.0515444278717041
162,2,0.479736328125,0.0515444278717041
162,0,0.38330078125,0.0515444278717041
163,0,0.78173828125,0.04973435401916504
163,2,0.7705078125,0.04973435401916504
163,2,0.74755859375,0.04973435401916504
163,0,0.72265625,0.04973435401916504
163,0,0.62451171875,0.04973435401916504
163,0,0.6123046875,0.04973435401916504
163,0,0.6025390625,0.04973435401916504
163,0,0.5634765625,0.04973435401916504
163,2,0.48388671875,0.04973435401916504
163,2,0.453125,0.04973435401916504
163,0,0.39208984375,0.04973435401916504
163,0,0.378173828125,0.04973435401916504
163,0,0.309814453125,0.04973435401916504
164,2,0.79150390625,0.09727072715759277
164,0,0.73046875,0.09727072715759277
164,0,0.724609375,0.09727072715759277
164,2,0.7041015625,0.09727072715759277
164,0,0.5986328125,0.09727072715759277
164,0,0.58837890625,0.09727072715759277
164,0,0.53857421875,0.09727072715759277
164,0,0.537109375,0.09727072715759277
164,2,0.472412109375,0.09727072715759277
164,0,0.4013671875,0.09727072715759277
164,0,0.31396484375,0.09727072715759277
164,0,0.262939453125,0.09727072715759277
165,0,0.7021484375,0.047360897064208984
165,0,0.6943359375,0.047360897064208984
165,2,0.640625,0.047360897064208984
165,0,0.5234375,0.047360897064208984
165,0,0.505859375,0.047360897064208984
165,0,0.474853515625,0.047360897064208984
165,2,0.447998046875,0.047360897064208984
165,0,0.269287109375,0.047360897064208984
166,0,0.8017578125,0.056636810302734375
166,2,0.69775390625,0.056636810302734375
166,0,0.65283203125,0.056636810302734375
166,2,0.65185546875,0.056636810302734375
166,0,0.55126953125,0.056636810302734375
166,0,0.54736328125,0.056636810302734375
166,0,0.54345703125,0.056636810302734375
166,0,0.50048828125,0.056636810302734375
166,0,0.403076171875,0.056636810302734375
166,2,0.315185546875,0.056636810302734375
167,0,0.7724609375,0.049370765686035156
167,2,0.6962890625,0.049370765686035156
167,0,0.68896484375,0.049370765686035156
167,2,0.591796875,0.049370765686035156
167,0,0.55908203125,0.049370765686035156
167,0,0.552734375,0.049370765686035156
167,0,0.5458984375,0.049370765686035156
167,0,0.489501953125,0.049370765686035156
167,0,0.453857421875,0.049370765686035156
167,2,0.420654296875,0.049370765686035156
167,0,0.33935546875,0.049370765686035156
168,0,0.708984375,0.052770137786865234
168,2,0.67724609375,0.052770137786865234
168,0,0.6669921875,0.052770137786865234
168,0,0.58154296875,0.052770137786865234
168,0,0.5732421875,0.052770137786865234
168,2,0.56396484375,0.052770137786865234
168,2,0.5439453125,0.052770137786865234
168,0,0.53125,0.052770137786865234
168,2,0.35546875,0.052770137786865234
168,0,0.2919921875,0.052770137786865234
169,0,0.74755859375,0.05110359191894531
169,0,0.73193359375,0.05110359191894531
169,2,0.7041015625,0.05110359191894531
169,0,0.67333984375,0.05110359191894531
169,2,0.65283203125,0.05110359191894531
169,0,0.5869140625,0.05110359191894531
169,0,0.5869140625,0.05110359191894531
169,0,0.351318359375,0.05110359191894531
169,0,0.33203125,0.05110359191894531
169,26,0.33154296875,0.05110359191894531
169,0,0.30322265625,0.05110359191894531
169,2,0.299072265625,0.05110359191894531
170,0,0.77587890625,0.04469561576843262
170,0,0.724609375,0.04469561576843262
170,2,0.6953125,0.04469561576843262
170,0,0.68310546875,0.04469561576843262
170,0,0.59765625,0.04469561576843262
170,2,0.53369140625,0.04469561576843262
170,26,0.487548828125,0.04469561576843262
170,0,0.48291015625,0.04469561576843262
170,0,0.462890625,0.04469561576843262
170,0,0.443603515625,0.04469561576843262
170,2,0.3974609375,0.04469561576843262
170,0,0.279541015625,0.04469561576843262
171,0,0.79931640625,0.056801795959472656
171,0,0.7490234375,0.056801795959472656
171,2,0.73779296875,0.056801795959472656
171,0,0.7119140625,0.056801795959472656
171,0,0.66748046875,0.056801795959472656
171,0,0.61474609375,0.056801795959472656
171,0,0.6103515625,0.056801795959472656
171,26,0.533203125,0.056801795959472656
171,0,0.50537109375,0.056801795959472656
171,2,0.498046875,0.056801795959472656
171,2,0.3837890625,0.056801795959472656
171,2,0.368896484375,0.056801795959472656
171,0,0.330810546875,0.056801795959472656
172,0,0.7626953125,0.10735344886779785
172,2,0.7578125,0.10735344886779785
172,0,0.72998046875,0.10735344886779785
172,0,0.71875,0.10735344886779785
172,0,0.66259765625,0.10735344886779785
172,0,0.65478515625,0.10735344886779785
172,0,0.62646484375,0.10735344886779785
172,26,0.52392578125,0.10735344886779785
172,0,0.515625,0.10735344886779785
172,2,0.49560546875,0.10735344886779785
172,2,0.48388671875,0.10735344886779785
172,0,0.264892578125,0.10735344886779785
173,0,0.73486328125,0.05289745330810547
173,0,0.72900390625,0.05289745330810547
173,2,0.6982421875,0.05289745330810547
173,0,0.6943359375,0.05289745330810547
173,2,0.69384765625,0.05289745330810547
173,0,0.681640625,0.05289745330810547
173,26,0.6181640625,0.05289745330810547
173,0,0.5810546875,0.05289745330810547
173,2,0.52978515625,0.05289745330810547
173,0,0.52685546875,0.05289745330810547
173,0,0.51708984375,0.05289745330810547
173,2,0.279052734375,0.05289745330810547
173,0,0.25830078125,0.05289745330810547
174,0,0.7509765625,0.055135488510131836
174,0,0.734375,0.055135488510131836
174,0,0.71435546875,0.055135488510131836
174,0,0.64306640625,0.055135488510131836
174,2,0.63232421875,0.055135488510131836
174,2,0.62646484375,0.055135488510131836
174,0,0.62060546875,0.055135488510131836
174,0,0.53369140625,0.055135488510131836
174,2,0.52001953125,0.055135488510131836
174,26,0.498046875,0.055135488510131836
174,0,0.375732421875,0.055135488510131836
175,0,0.736328125,0.04283404350280762
175,0,0.7294921875,0.04283404350280762
175,2,0.666015625,0.04283404350280762
175,0,0.666015625,0.04283404350280762
175,2,0.646484375,0.04283404350280762
175,0,0.64306640625,0.04283404350280762
175,0,0.642578125,0.04283404350280762
175,2,0.61572265625,0.04283404350280762
175,0,0.5732421875,0.04283404350280762
175,26,0.442138671875,0.04283404350280762
175,0,0.378173828125,0.04283404350280762
175,2,0.27294921875,0.04283404350280762
176,0,0.7509765625,0.06970882415771484
176,0,0.748046875,0.06970882415771484
176,2,0.716796875,0.06970882415771484
176,0,0.66748046875,0.06970882415771484
176,0,0.65478515625,0.06970882415771484
176,0,0.64111328125,0.06970882415771484
176,2,0.6015625,0.06970882415771484
176,2,0.5791015625,0.06970882415771484
176,0,0.55810546875,0.06970882415771484
176,2,0.439208984375,0.06970882415771484
176,0,0.275634765625,0.06970882415771484
177,0,0.75634765625,0.0635828971862793
177,0,0.71044921875,0.0635828971862793
177,2,0.7021484375,0.0635828971862793
177,0,0.6630859375,0.0635828971862793
177,0,0.623046875,0.0635828971862793
177,2,0.58984375,0.0635828971862793
177,0,0.57373046875,0.0635828971862793
177,2,0.556640625,0.0635828971862793
177,0,0.552734375,0.0635828971862793
177,0,0.4970703125,0.0635828971862793
177,2,0.37109375,0.0635828971862793
178,0,0.75537109375,0.06191396713256836
178,0,0.7373046875,0.06191396713256836
178,0,0.69384765625,0.06191396713256836
178,2,0.69189453125,0.06191396713256836
178,0,0.6669921875,0.06191396713256836
178,0,0.6015625,0.06191396713256836
178,0,0.5458984375,0.06191396713256836
178,2,0.44140625,0.06191396713256836
178,2,0.44140625,0.06191396713256836
178,2,0.3056640625,0.06191396713256836
178,2,0.29150390625,0.06191396713256836
179,0,0.7744140625,0.04697728157043457
179,2,0.75634765625,0.04697728157043457
179,0,0.73828125,0.04697728157043457
179,0,0.6826171875,0.04697728157043457
179,0,0.64404296875,0.04697728157043457
179,0,0.58447265625,0.04697728157043457
179,2,0.55615234375,0.04697728157043457
179,0,0.458251953125,0.04697728157043457
179,2,0.443603515625,0.04697728157043457
179,2,0.427978515625,0.04697728157043457
180,0,0.78515625,0.12047910690307617
180,2,0.78173828125,0.12047910690307617
180,0,0.73486328125,0.12047910690307617
180,0,0.70166015625,0.12047910690307617
180,2,0.6494140625,0.12047910690307617
180,0,0.5791015625,0.12047910690307617
180,0,0.53076171875,0.12047910690307617
180,2,0.48583984375,0.12047910690307617
180,0,0.43994140625,0.12047910690307617
180,2,0.352294921875,0.12047910690307617
180,0,0.347412109375,0.12047910690307617
181,0,0.62060546875,0.05755972862243652
181,2,0.546875,0.05755972862243652
181,0,0.546875,0.05755972862243652
181,0,0.529296875,0.05755972862243652
181,2,0.52099609375,0.05755972862243652
181,2,0.480224609375,0.05755972862243652
181,0,0.29345703125,0.05755972862243652
181,2,0.263671875,0.05755972862243652
181,0,0.255859375,0.05755972862243652
182,0,0.57666015625,0.05490732192993164
182,0,0.5537109375,0.05490732192993164
182,2,0.53564453125,0.05490732192993164
182,2,0.4853515625,0.05490732192993164
182,0,0.35498046875,0.05490732192993164
182,2,0.310791015625,0.05490732192993164
182,0,0.29931640625,0.05490732192993164
182,2,0.272705078125,0.05490732192993164
182,0,0.2646484375,0.05490732192993164
183,2,0.72314453125,0.046665191650390625
183,0,0.69970703125,0.046665191650390625
183,0,0.64794921875,0.046665191650390625
183,0,0.64208984375,0.046665191650390625
183,0,0.58837890625,0.046665191650390625
183,0,0.54345703125,0.046665191650390625
183,2,0.464599609375,0.046665191650390625
183,2,0.375732421875,0.046665191650390625
184,0,0.7529296875,0.04674196243286133
184,0,0.6826171875,0.04674196243286133
184,2,0.6494140625,0.04674196243286133
184,0,0.64794921875,0.04674196243286133
184,0,0.61767578125,0.04674196243286133
184,0,0.4931640625,0.04674196243286133
184,2,0.476806640625,0.04674196243286133
184,2,0.348876953125,0.04674196243286133
184,0,0.33203125,0.04674196243286133
184,0,0.263427734375,0.04674196243286133
184,2,0.255859375,0.04674196243286133
184,0,0.252685546875,0.04674196243286133
185,2,0.71728515625,0.06282544136047363
185,0,0.6943359375,0.06282544136047363
185,0,0.68017578125,0.06282544136047363
185,0,0.63134765625,0.06282544136047363
185,0,0.6083984375,0.06282544136047363
185,0,0.464599609375,0.06282544136047363
185,2,0.37109375,0.06282544136047363
185,2,0.35205078125,0.06282544136047363
185,28,0.2880859375,0.06282544136047363
185,0,0.27783203125,0.06282544136047363
186,0,0.67822265625,0.05522346496582031
186,0,0.65966796875,0.05522346496582031
186,0,0.5771484375,0.05522346496582031
186,2,0.51416015625,0.05522346496582031
186,0,0.5087890625,0.05522346496582031
186,0,0.47314453125,0.05522346496582031
186,2,0.4013671875,0.05522346496582031
187,0,0.68505859375,0.0937047004699707
187,0,0.62841796875,0.0937047004699707
187,0,0.62646484375,0.0937047004699707
187,2,0.515625,0.0937047004699707
187,2,0.395263671875,0.0937047004699707
187,0,0.378662109375,0.0937047004699707
187,2,0.36572265625,0.0937047004699707
187,0,0.35693359375,0.0937047004699707
187,0,0.346923828125,0.0937047004699707
187,28,0.27685546875,0.0937047004699707
188,0,0.69384765625,0.08863401412963867
188,0,0.62939453125,0.08863401412963867
188,0,0.6259765625,0.08863401412963867
188,2,0.578125,0.08863401412963867
188,2,0.5390625,0.08863401412963867
188,0,0.4443359375,0.08863401412963867
188,0,0.435791015625,0.08863401412963867
189,0,0.7236328125,0.06407952308654785
189,0,0.6689453125,0.06407952308654785
189,2,0.6328125,0.06407952308654785
189,0,0.62060546875,0.06407952308654785
189,0,0.54736328125,0.06407952308654785
189,2,0.489013671875,0.06407952308654785
189,0,0.28564453125,0.06407952308654785
189,0,0.254638671875,0.06407952308654785
190,2,0.72998046875,0.05899786949157715
190,0,0.72412109375,0.05899786949157715
190,0,0.66015625,0.05899786949157715
190,0,0.6162109375,0.05899786949157715
190,0,0.5927734375,0.05899786949157715
190,2,0.4990234375,0.05899786949157715
190,0,0.357421875,0.05899786949157715
191,0,0.72900390625,0.04680347442626953
191,2,0.71484375,0.04680347442626953
191,0,0.69921875,0.04680347442626953
191,0,0.6494140625,0.04680347442626953
191,0,0.6015625,0.04680347442626953
192,2,0.7880859375,0.047338008880615234
192,0,0.7509765625,0.047338008880615234
192,0,0.66748046875,0.047338008880615234
192,0,0.65576171875,0.047338008880615234
192,0,0.591796875,0.047338008880615234
192,2,0.327880859375,0.047338008880615234
193,2,0.7802734375,0.05727052688598633
193,0,0.76171875,0.05727052688598633
193,0,0.73583984375,0.05727052688598633
193,0,0.6767578125,0.05727052688598633
193,0,0.56396484375,0.05727052688598633
193,2,0.37841796875,0.05727052688598633
193,2,0.342529296875,0.05727052688598633
194,0,0.8115234375,0.053199052810668945
194,2,0.79931640625,0.053199052810668945
194,0,0.70556640625,0.053199052810668945
194,0,0.689453125,0.053199052810668945
194,0,0.56201171875,0.053199052810668945
194,2,0.41259765625,0.053199052810668945
194,2,0.3994140625,0.053199052810668945
194,2,0.38330078125,0.053199052810668945
194,2,0.319091796875,0.053199052810668945
195,0,0.80615234375,0.09490227699279785
195,2,0.7822265625,0.09490227699279785
195,0,0.73974609375,0.09490227699279785
195,0,0.6845703125,0.09490227699279785
195,2,0.60302734375,0.09490227699279785
195,0,0.5791015625,0.09490227699279785
195,2,0.335205078125,0.09490227699279785
195,58,0.29736328125,0.09490227699279785
195,2,0.261962890625,0.09490227699279785
196,0,0.84130859375,0.06019449234008789
196,2,0.77587890625,0.06019449234008789
196,0,0.76513671875,0.06019449234008789
196,0,0.65478515625,0.06019449234008789
196,0,0.58984375,0.06019449234008789
196,2,0.52294921875,0.06019449234008789
196,2,0.32568359375,0.06019449234008789
196,2,0.251220703125,0.06019449234008789
197,0,0.79833984375,0.05955862998962402
197,2,0.79248046875,0.05955862998962402
197,0,0.75634765625,0.05955862998962402
197,0,0.681640625,0.05955862998962402
197,2,0.62353515625,0.05955862998962402
197,0,0.54833984375,0.05955862998962402
197,58,0.326416015625,0.05955862998962402
197,2,0.254150390625,0.05955862998962402
198,2,0.8212890625,0.05778169631958008
198,0,0.73876953125,0.05778169631958008
198,0,0.73681640625,0.05778169631958008
198,0,0.671875,0.05778169631958008
198,2,0.6689453125,0.05778169631958008
198,0,0.599609375,0.05778169631958008
198,2,0.38525390625,0.05778169631958008
198,58,0.251220703125,0.05778169631958008
199,2,0.76171875,0.059435367584228516
199,0,0.7060546875,0.059435367584228516
199,0,0.7021484375,0.059435367584228516
199,0,0.6796875,0.059435367584228516
199,2,0.60302734375,0.059435367584228516
199,0,0.564453125,0.059435367584228516
199,2,0.51611328125,0.059435367584228516
199,58,0.2666015625,0.059435367584228516
200,0,0.7216796875,0.04932379722595215
200,0,0.70703125,0.04932379722595215
200,2,0.62109375,0.04932379722595215
200,0,0.5693359375,0.04932379722595215
200,0,0.5234375,0.04932379722595215
200,2,0.343505859375,0.04932379722595215
200,58,0.3408203125,0.04932379722595215
200,10,0.275390625,0.04932379722595215
201,0,0.72216796875,0.08038210868835449
201,0,0.72119140625,0.08038210868835449
201,2,0.568359375,0.08038210868835449
201,2,0.56396484375,0.08038210868835449
201,0,0.48486328125,0.08038210868835449
201,0,0.474853515625,0.08038210868835449
201,58,0.306396484375,0.08038210868835449
201,2,0.28955078125,0.08038210868835449
202,0,0.7451171875,0.06621885299682617
202,0,0.677734375,0.06621885299682617
202,2,0.64892578125,0.06621885299682617
202,2,0.642578125,0.06621885299682617
202,0,0.52099609375,0.06621885299682617
202,0,0.405029296875,0.06621885299682617
202,58,0.2880859375,0.06621885299682617
202,10,0.251953125,0.06621885299682617
203,0,0.78466796875,0.12313175201416016
203,2,0.6982421875,0.12313175201416016
203,0,0.6787109375,0.12313175201416016
203,2,0.640625,0.12313175201416016
203,0,0.59033203125,0.12313175201416016
203,58,0.39453125,0.12313175201416016
203,10,0.35107421875,0.12313175201416016
204,0,0.77587890625,0.0530848503112793
204,2,0.73095703125,0.0530848503112793
204,0,0.716796875,0.0530848503112793
204,2,0.70166015625,0.0530848503112793
204,0,0.5712890625,0.0530848503112793
204,58,0.424560546875,0.0530848503112793
204,26,0.260498046875,0.0530848503112793
205,2,0.7529296875,0.06302475929260254
205,0,0.7333984375,0.06302475929260254
205,0,0.72509765625,0.06302475929260254
205,2,0.7001953125,0.06302475929260254
205,0,0.6640625,0.06302475929260254
205,10,0.414306640625,0.06302475929260254
205,58,0.3330078125,0.06302475929260254
206,0,0.798828125,0.05922126770019531
206,2,0.72119140625,0.05922126770019531
206,0,0.71923828125,0.05922126770019531
206,2,0.71826171875,0.05922126770019531
206,0,0.56982421875,0.05922126770019531
206,10,0.53466796875,0.05922126770019531
206,58,0.403564453125,0.05922126770019531
206,2,0.281005859375,0.05922126770019531
207,0,0.8154296875,0.05511021614074707
207,2,0.7158203125,0.05511021614074707
207,0,0.70458984375,0.05511021614074707
207,2,0.646484375,0.05511021614074707
207,0,0.50927734375,0.05511021614074707
207,10,0.429443359375,0.05511021614074707
207,2,0.362548828125,0.05511021614074707
208,0,0.82568359375,0.04513883590698242
208,0,0.72705078125,0.04513883590698242
208,2,0.7265625,0.04513883590698242
208,0,0.66943359375,0.04513883590698242
208,2,0.440673828125,0.04513883590698242
208,2,0.31689453125,0.04513883590698242
208,10,0.27880859375,0.04513883590698242
209,0,0.82666015625,0.04196310043334961
209,0,0.7578125,0.04196310043334961
209,0,0.73681640625,0.04196310043334961
209,2,0.734375,0.04196310043334961
209,2,0.41064453125,0.04196310043334961
209,2,0.327392578125,0.04196310043334961
210,0,0.80908203125,0.05977606773376465
210,0,0.7744140625,0.05977606773376465
210,2,0.68701171875,0.05977606773376465
210,0,0.5107421875,0.05977606773376465
210,0,0.305908203125,0.05977606773376465
210,2,0.25830078125,0.05977606773376465
210,58,0.25048828125,0.05977606773376465
211,0,0.80908203125,0.1236414909362793
211,0,0.794921875,0.1236414909362793
211,2,0.734375,0.1236414909362793
211,0,0.71240234375,0.1236414909362793
211,2,0.334228515625,0.1236414909362793
211,58,0.330078125,0.1236414909362793
212,0,0.79736328125,0.04919099807739258
212,0,0.74951171875,0.04919099807739258
212,0,0.73486328125,0.04919099807739258
212,2,0.71728515625,0.04919099807739258
212,58,0.395751953125,0.04919099807739258
212,2,0.366943359375,0.04919099807739258
212,0,0.31005859375,0.04919099807739258
213,0,0.78955078125,0.0879673957824707
213,0,0.7734375,0.0879673957824707
213,0,0.75244140625,0.0879673957824707
213,2,0.6640625,0.0879673957824707
213,26,0.37841796875,0.0879673957824707
213,0,0.27783203125,0.0879673957824707
213,2,0.261474609375,0.0879673957824707
214,0,0.76806640625,0.0666048526763916
214,0,0.75537109375,0.0666048526763916
214,2,0.7080078125,0.0666048526763916
214,0,0.669921875,0.0666048526763916
214,26,0.412841796875,0.0666048526763916
214,2,0.363525390625,0.0666048526763916
215,0,0.78369140625,0.05845451354980469
215,0,0.7578125,0.05845451354980469
215,2,0.74560546875,0.05845451354980469
215,0,0.720703125,0.05845451354980469
215,2,0.48583984375,0.05845451354980469
215,26,0.417724609375,0.05845451354980469
215,0,0.2861328125,0.05845451354980469
216,0,0.875,0.040606021881103516
216,0,0.38720703125,0.040606021881103516
216,5,0.256103515625,0.040606021881103516
217,0,0.8017578125,0.05304431915283203
217,0,0.7333984375,0.05304431915283203
217,0,0.62060546875,0.05304431915283203
218,0,0.7744140625,0.06239581108093262
218,0,0.7421875,0.06239581108093262
218,0,0.6796875,0.06239581108093262
218,2,0.451904296875,0.06239581108093262
218,0,0.416259765625,0.06239581108093262
219,0,0.7802734375,0.1124570369720459
219,0,0.77587890625,0.1124570369720459
219,0,0.734375,0.1124570369720459
219,2,0.60400390625,0.1124570369720459
219,0,0.481689453125,0.1124570369720459
220,0,0.78759765625,0.05637025833129883
220,0,0.66455078125,0.05637025833129883
220,0,0.6025390625,0.05637025833129883
220,2,0.541015625,0.05637025833129883
220,0,0.35107421875,0.05637025833129883
221,0,0.76806640625,0.05181407928466797
221,2,0.73486328125,0.05181407928466797
221,0,0.5947265625,0.05181407928466797
221,2,0.57080078125,0.05181407928466797
221,0,0.505859375,0.05181407928466797
221,0,0.381591796875,0.05181407928466797
221,0,0.344482421875,0.05181407928466797
222,0,0.775390625,0.05069446563720703
222,2,0.67626953125,0.05069446563720703
222,0,0.6044921875,0.05069446563720703
222,0,0.5537109375,0.05069446563720703
222,2,0.53125,0.05069446563720703
222,0,0.4384765625,0.05069446563720703
222,0,0.385009765625,0.05069446563720703
222,2,0.32958984375,0.05069446563720703
223,0,0.81787109375,0.0474095344543457
223,2,0.7646484375,0.0474095344543457
223,2,0.7431640625,0.0474095344543457
223,0,0.669921875,0.0474095344543457
223,0,0.400634765625,0.0474095344543457
223,0,0.398681640625,0.0474095344543457
223,0,0.339599609375,0.0474095344543457
223,0,0.309814453125,0.0474095344543457
223,0,0.282470703125,0.0474095344543457
223,0,0.26171875,0.0474095344543457
224,2,0.85205078125,0.049010276794433594
224,0,0.8271484375,0.049010276794433594
224,2,0.7431640625,0.049010276794433594
224,0,0.69189453125,0.049010276794433594
224,0,0.416259765625,0.049010276794433594
224,0,0.37353515625,0.049010276794433594
224,0,0.262451171875,0.049010276794433594
225,2,0.9072265625,0.04844927787780762
225,0,0.802734375,0.04844927787780762
225,2,0.74169921875,0.04844927787780762
225,0,0.71044921875,0.04844927787780762
225,0,0.402587890625,0.04844927787780762
225,0,0.28271484375,0.04844927787780762
225,0,0.2568359375,0.04844927787780762
225,0,0.2568359375,0.04844927787780762
226,2,0.86474609375,0.10538196563720703
226,0,0.802734375,0.10538196563720703
226,2,0.7744140625,0.10538196563720703
226,0,0.66845703125,0.10538196563720703
226,0,0.439208984375,0.10538196563720703
226,0,0.34375,0.10538196563720703
227,2,0.85498046875,0.05286431312561035
227,0,0.724609375,0.05286431312561035
227,0,0.6826171875,0.05286431312561035
227,2,0.6064453125,0.05286431312561035
227,0,0.476806640625,0.05286431312561035
227,0,0.357177734375,0.05286431312561035
227,0,0.33203125,0.05286431312561035
227,0,0.25341796875,0.05286431312561035
228,2,0.7431640625,0.06427502632141113
228,0,0.7021484375,0.06427502632141113
228,0,0.67138671875,0.06427502632141113
228,0,0.576171875,0.06427502632141113
228,2,0.5458984375,0.06427502632141113
228,0,0.45556640625,0.06427502632141113
228,0,0.405029296875,0.06427502632141113
229,2,0.7421875,0.06410574913024902
229,0,0.6796875,0.06410574913024902
229,0,0.671875,0.06410574913024902
229,2,0.62744140625,0.06410574913024902
229,0,0.623046875,0.06410574913024902
229,0,0.5009765625,0.06410574913024902
229,2,0.475830078125,0.06410574913024902
229,0,0.3720703125,0.06410574913024902
230,2,0.72705078125,0.06086540222167969
230,2,0.71240234375,0.06086540222167969
230,0,0.65234375,0.06086540222167969
230,0,0.6376953125,0.06086540222167969
230,0,0.60498046875,0.06086540222167969
230,0,0.56494140625,0.06086540222167969
230,2,0.55517578125,0.06086540222167969
230,0,0.424560546875,0.06086540222167969
230,2,0.2587890625,0.06086540222167969
231,2,0.7900390625,0.061074018478393555
231,2,0.74658203125,0.061074018478393555
231,0,0.69384765625,0.061074018478393555
231,0,0.6689453125,0.061074018478393555
231,0,0.63818359375,0.061074018478393555
231,2,0.52197265625,0.061074018478393555
231,0,0.50927734375,0.061074018478393555
231,2,0.358154296875,0.061074018478393555
231,0,0.357177734375,0.061074018478393555
231,58,0.33154296875,0.061074018478393555
232,2,0.78759765625,0.10757923126220703
232,0,0.724609375,0.10757923126220703
232,0,0.69921875,0.10757923126220703
232,0,0.44140625,0.10757923126220703
232,2,0.363037109375,0.10757923126220703
232,0,0.359619140625,0.10757923126220703
233,2,0.9052734375,0.05544137954711914
233,0,0.65869140625,0.05544137954711914
233,0,0.59033203125,0.05544137954711914
233,0,0.486328125,0.05544137954711914
233,2,0.43505859375,0.05544137954711914
233,0,0.426025390625,0.05544137954711914
233,2,0.401611328125,0.05544137954711914
234,2,0.86279296875,0.04337358474731445
234,0,0.68603515625,0.04337358474731445
234,0,0.66015625,0.04337358474731445
234,2,0.63671875,0.04337358474731445
234,0,0.57763671875,0.04337358474731445
234,0,0.4990234375,0.04337358474731445
234,2,0.45703125,0.04337358474731445
234,2,0.38916015625,0.04337358474731445
235,2,0.8798828125,0.038986921310424805
235,0,0.75830078125,0.038986921310424805
235,0,0.71337890625,0.038986921310424805
235,2,0.63818359375,0.038986921310424805
235,0,0.625,0.038986921310424805
235,0,0.5751953125,0.038986921310424805
235,2,0.482177734375,0.038986921310424805
235,2,0.40966796875,0.038986921310424805
236,2,0.857421875,0.05829930305480957
236,0,0.78662109375,0.05829930305480957
236,0,0.7666015625,0.05829930305480957
236,2,0.72998046875,0.05829930305480957
236,0,0.68359375,0.05829930305480957
236,2,0.43310546875,0.05829930305480957
236,0,0.421630859375,0.05829930305480957
236,2,0.353515625,0.05829930305480957
237,2,0.8388671875,0.05891776084899902
237,0,0.80908203125,0.05891776084899902
237,0,0.7919921875,0.05891776084899902
237,0,0.78955078125,0.05891776084899902
237,2,0.673828125,0.05891776084899902
237,2,0.398681640625,0.05891776084899902
237,26,0.374267578125,0.05891776084899902
238,2,0.84716796875,0.11402559280395508
238,0,0.7939453125,0.11402559280395508
238,0,0.75537109375,0.11402559280395508
238,0,0.75146484375,0.11402559280395508
238,2,0.646484375,0.11402559280395508
238,26,0.342041015625,0.11402559280395508
238,0,0.27783203125,0.11402559280395508
239,2,0.89892578125,0.04716897010803223
239,0,0.818359375,0.04716897010803223
239,0,0.78662109375,0.04716897010803223
239,0,0.77685546875,0.04716897010803223
239,2,0.6044921875,0.04716897010803223
239,2,0.282958984375,0.04716897010803223
240,2,0.89208984375,0.05113387107849121
240,0,0.84130859375,0.05113387107849121
240,0,0.7841796875,0.05113387107849121
240,0,0.74560546875,0.05113387107849121
240,2,0.63916015625,0.05113387107849121
240,2,0.387939453125,0.05113387107849121
240,2,0.372314453125,0.05113387107849121
240,0,0.267333984375,0.05113387107849121
241,2,0.8671875,0.060743093490600586
241,0,0.82568359375,0.060743093490600586
241,0,0.81201171875,0.060743093490600586
241,0,0.78759765625,0.060743093490600586
241,2,0.63623046875,0.060743093490600586
241,2,0.382080078125,0.060743093490600586
241,2,0.3740234375,0.060743093490600586
241,26,0.262939453125,0.060743093490600586
242,2,0.87353515625,0.0548090934753418
242,0,0.85546875,0.0548090934753418
242,0,0.83251953125,0.0548090934753418
242,0,0.818359375,0.0548090934753418
242,2,0.69580078125,0.0548090934753418
242,2,0.43310546875,0.0548090934753418
242,2,0.3642578125,0.0548090934753418
242,2,0.28759765625,0.0548090934753418
243,0,0.88525390625,0.05667591094970703
243,2,0.85595703125,0.05667591094970703
243,0,0.84130859375,0.05667591094970703
243,0,0.78955078125,0.05667591094970703
243,2,0.403076171875,0.05667591094970703
243,2,0.372802734375,0.05667591094970703
243,2,0.298095703125,0.05667591094970703
244,0,0.88525390625,0.13389062881469727
244,2,0.8583984375,0.13389062881469727
244,0,0.8232421875,0.13389062881469727
244,0,0.80908203125,0.13389062881469727
244,2,0.346435546875,0.13389062881469727
244,2,0.2919921875,0.13389062881469727
245,0,0.90283203125,0.06328010559082031
245,2,0.8154296875,0.06328010559082031
245,0,0.80810546875,0.06328010559082031
245,0,0.79931640625,0.06328010559082031
245,2,0.4384765625,0.06328010559082031
245,2,0.265869140625,0.06328010559082031
246,0,0.91259765625,0.0666048526763916
246,2,0.9111328125,0.0666048526763916
246,0,0.8232421875,0.0666048526763916
246,0,0.80615234375,0.0666048526763916
246,2,0.6650390625,0.0666048526763916
246,2,0.412841796875,0.0666048526763916
246,2,0.398193359375,0.0666048526763916
247,2,0.90771484375,0.0587010383605957
247,0,0.86865234375,0.0587010383605957
247,0,0.58642578125,0.0587010383605957
247,2,0.339111328125,0.0587010383605957
247,0,0.319091796875,0.0587010383605957
247,0,0.3125,0.0587010383605957
248,2,0.87353515625,0.03644561767578125
248,0,0.857421875,0.03644561767578125
248,0,0.5068359375,0.03644561767578125
249,0,0.88720703125,0.05064558982849121
249,2,0.875,0.05064558982849121
249,2,0.75634765625,0.05064558982849121
249,0,0.74853515625,0.05064558982849121
249,0,0.671875,0.05064558982849121
249,0,0.309326171875,0.05064558982849121
249,2,0.298095703125,0.05064558982849121
249,2,0.25390625,0.05064558982849121
250,0,0.8896484375,0.060189247131347656
250,2,0.8671875,0.060189247131347656
250,0,0.845703125,0.060189247131347656
250,2,0.8056640625,0.060189247131347656
250,0,0.71630859375,0.060189247131347656
250,26,0.29150390625,0.060189247131347656
250,2,0.2529296875,0.060189247131347656
251,0,0.90234375,0.059305429458618164
251,2,0.89208984375,0.059305429458618164
251,0,0.84912109375,0.059305429458618164
251,2,0.7841796875,0.059305429458618164
251,0,0.7646484375,0.059305429458618164
251,26,0.392578125,0.059305429458618164
252,0,0.9013671875,0.05487871170043945
252,2,0.82470703125,0.05487871170043945
252,0,0.818359375,0.05487871170043945
252,0,0.796875,0.05487871170043945
252,2,0.73388671875,0.05487871170043945
252,2,0.44140625,0.05487871170043945
252,2,0.314453125,0.05487871170043945
253,0,0.88671875,0.1036379337310791
253,2,0.86572265625,0.1036379337310791
253,0,0.80517578125,0.1036379337310791
253,0,0.79443359375,0.1036379337310791
253,2,0.62060546875,0.1036379337310791
253,2,0.54833984375,0.1036379337310791
253,2,0.40625,0.1036379337310791
253,26,0.265625,0.1036379337310791
254,0,0.86865234375,0.047297000885009766
254,2,0.85205078125,0.047297000885009766
254,0,0.79638671875,0.047297000885009766
254,0,0.712890625,0.047297000885009766
254,2,0.51904296875,0.047297000885009766
254,2,0.417724609375,0.047297000885009766
254,2,0.38671875,0.047297000885009766
254,0,0.256103515625,0.047297000885009766
255,0,0.8828125,0.05395650863647461
255,2,0.8720703125,0.05395650863647461
255,0,0.8037109375,0.05395650863647461
255,0,0.65478515625,0.05395650863647461
255,2,0.5830078125,0.05395650863647461
255,2,0.49462890625,0.05395650863647461
255,2,0.482666015625,0.05395650863647461
255,0,0.263916015625,0.05395650863647461
256,2,0.8671875,0.05371546745300293
256,0,0.85400390625,0.05371546745300293
256,0,0.7724609375,0.05371546745300293
256,0,0.638671875,0.05371546745300293
256,2,0.5224609375,0.05371546745300293
256,2,0.439208984375,0.05371546745300293
256,2,0.379150390625,0.05371546745300293
256,0,0.316162109375,0.05371546745300293
256,0,0.279052734375,0.05371546745300293
257,2,0.845703125,0.05260896682739258
257,0,0.84228515625,0.05260896682739258
257,0,0.7607421875,0.05260896682739258
257,0,0.62353515625,0.05260896682739258
257,2,0.56884765625,0.05260896682739258
257,2,0.5498046875,0.05260896682739258
257,0,0.397216796875,0.05260896682739258
257,2,0.306884765625,0.05260896682739258
257,0,0.304931640625,0.05260896682739258
257,0,0.2822265625,0.05260896682739258
258,2,0.80078125,0.05030632019042969
258,0,0.75537109375,0.05030632019042969
258,0,0.59033203125,0.05030632019042969
258,2,0.47412109375,0.05030632019042969
258,0,0.438720703125,0.05030632019042969
258,2,0.417724609375,0.05030632019042969
258,26,0.389404296875,0.05030632019042969
258,2,0.283447265625,0.05030632019042969
258,0,0.272705078125,0.05030632019042969
259,2,0.8505859375,0.049274444580078125
259,0,0.79150390625,0.049274444580078125
259,2,0.62451171875,0.049274444580078125
259,0,0.6240234375,0.049274444580078125
259,2,0.5869140625,0.049274444580078125
259,0,0.458251953125,0.049274444580078125
259,2,0.412353515625,0.049274444580078125
259,26,0.338134765625,0.049274444580078125
259,0,0.303955078125,0.049274444580078125
259,0,0.254150390625,0.049274444580078125
260,2,0.86328125,0.05406546592712402
260,0,0.7529296875,0.05406546592712402
260,2,0.60302734375,0.05406546592712402
260,2,0.5947265625,0.05406546592712402
260,2,0.5439453125,0.05406546592712402
260,0,0.53759765625,0.05406546592712402
260,0,0.509765625,0.05406546592712402
260,26,0.2998046875,0.05406546592712402
261,2,0.8447265625,0.10845685005187988
261,0,0.59130859375,0.10845685005187988
261,0,0.5361328125,0.10845685005187988
261,0,0.4990234375,0.10845685005187988
261,2,0.423583984375,0.10845685005187988
261,0,0.35302734375,0.10845685005187988
261,0,0.317626953125,0.10845685005187988
261,9,0.255126953125,0.10845685005187988
262,2,0.853515625,0.056082963943481445
262,0,0.8154296875,0.056082963943481445
262,0,0.73876953125,0.056082963943481445
262,2,0.650390625,0.056082963943481445
262,2,0.5283203125,0.056082963943481445
262,2,0.5087890625,0.056082963943481445
262,0,0.47265625,0.056082963943481445
262,0,0.406982421875,0.056082963943481445
262,0,0.331298828125,0.056082963943481445
262,26,0.326904296875,0.056082963943481445
263,2,0.857421875,0.056593894958496094
263,0,0.74365234375,0.056593894958496094
263,0,0.673828125,0.056593894958496094
263,2,0.6123046875,0.056593894958496094
263,2,0.5009765625,0.056593894958496094
263,2,0.480224609375,0.056593894958496094
263,2,0.310546875,0.056593894958496094
263,26,0.26318359375,0.056593894958496094
263,0,0.2587890625,0.056593894958496094
264,2,0.85888671875,0.055071353912353516
264,0,0.58984375,0.055071353912353516
264,0,0.58203125,0.055071353912353516
264,2,0.468017578125,0.055071353912353516
264,26,0.301513671875,0.055071353912353516
264,0,0.296875,0.055071353912353516
264,2,0.2548828125,0.055071353912353516
265,2,0.88330078125,0.05029296875
265,0,0.57470703125,0.05029296875
265,0,0.453125,0.05029296875
265,0,0.40869140625,0.05029296875
265,0,0.35302734375,0.05029296875
266,2,0.8076171875,0.05294656753540039
266,0,0.640625,0.05294656753540039
266,2,0.465576171875,0.05294656753540039
266,0,0.43017578125,0.05294656753540039
266,0,0.303466796875,0.05294656753540039
266,0,0.267333984375,0.05294656753540039
266,0,0.265625,0.05294656753540039
266,0,0.26416015625,0.05294656753540039
267,2,0.8984375,0.05501437187194824
267,0,0.8115234375,0.05501437187194824
267,2,0.5302734375,0.05501437187194824
267,2,0.489013671875,0.05501437187194824
267,0,0.48291015625,0.05501437187194824
267,0,0.431640625,0.05501437187194824
267,0,0.35595703125,0.05501437187194824
267,2,0.255859375,0.05501437187194824
268,2,0.900390625,0.10010433197021484
268,0,0.85400390625,0.10010433197021484
268,2,0.5302734375,0.10010433197021484
268,2,0.491455078125,0.10010433197021484
268,0,0.43310546875,0.10010433197021484
268,0,0.397216796875,0.10010433197021484
268,0,0.37158203125,0.10010433197021484
268,0,0.359130859375,0.10010433197021484
268,2,0.2646484375,0.10010433197021484
269,2,0.89892578125,0.06822443008422852
269,0,0.7158203125,0.06822443008422852
269,2,0.6298828125,0.06822443008422852
269,0,0.442626953125,0.06822443008422852
269,0,0.422119140625,0.06822443008422852
269,0,0.421630859375,0.06822443008422852
269,2,0.337890625,0.06822443008422852
269,2,0.328857421875,0.06822443008422852
270,2,0.88134765625,0.04732990264892578
270,0,0.62158203125,0.04732990264892578
270,0,0.525390625,0.04732990264892578
270,2,0.414306640625,0.04732990264892578
270,0,0.323974609375,0.04732990264892578
270,2,0.319580078125,0.04732990264892578
270,2,0.290771484375,0.04732990264892578
271,2,0.873046875,0.07545638084411621
271,0,0.83056640625,0.07545638084411621
271,2,0.576171875,0.07545638084411621
271,0,0.453857421875,0.07545638084411621
271,0,0.4111328125,0.07545638084411621
271,0,0.3349609375,0.07545638084411621
272,2,0.89208984375,0.06340193748474121
272,0,0.8359375,0.06340193748474121
272,0,0.53466796875,0.06340193748474121
272,2,0.4921875,0.06340193748474121
272,2,0.3994140625,0.06340193748474121
272,2,0.3994140625,0.06340193748474121
272,0,0.303466796875,0.06340193748474121
272,0,0.300048828125,0.06340193748474121
272,2,0.297607421875,0.06340193748474121
272,0,0.2861328125,0.06340193748474121
273,2,0.8828125,0.0609736442565918
273,0,0.86767578125,0.0609736442565918
273,2,0.52880859375,0.0609736442565918
273,0,0.4921875,0.0609736442565918
273,2,0.45556640625,0.0609736442565918
273,2,0.41357421875,0.0609736442565918
273,0,0.30712890625,0.0609736442565918
273,2,0.290771484375,0.0609736442565918
273,2,0.2890625,0.0609736442565918
273,0,0.270263671875,0.0609736442565918
274,0,0.87841796875,0.10856056213378906
274,2,0.87744140625,0.10856056213378906
274,0,0.77587890625,0.10856056213378906
274,2,0.61181640625,0.10856056213378906
274,0,0.487548828125,0.10856056213378906
274,2,0.462890625,0.10856056213378906
274,0,0.430908203125,0.10856056213378906
274,0,0.28466796875,0.10856056213378906
275,0,0.86767578125,0.0639340877532959
275,2,0.82568359375,0.0639340877532959
275,0,0.77587890625,0.0639340877532959
275,2,0.580078125,0.0639340877532959
275,0,0.55615234375,0.0639340877532959
275,0,0.486328125,0.0639340877532959
275,2,0.430908203125,0.0639340877532959
276,2,0.88818359375,0.05765724182128906
276,0,0.8447265625,0.05765724182128906
276,0,0.7841796875,0.05765724182128906
276,0,0.7392578125,0.05765724182128906
276,2,0.55908203125,0.05765724182128906
276,0,0.45751953125,0.05765724182128906
276,2,0.452392578125,0.05765724182128906
276,2,0.3896484375,0.05765724182128906
276,0,0.279052734375,0.05765724182128906
276,0,0.25830078125,0.05765724182128906
277,2,0.8818359375,0.057135820388793945
277,0,0.82568359375,0.057135820388793945
277,0,0.744140625,0.057135820388793945
277,0,0.74365234375,0.057135820388793945
277,0,0.472412109375,0.057135820388793945
277,2,0.398193359375,0.057135820388793945
277,2,0.384033203125,0.057135820388793945
277,58,0.28515625,0.057135820388793945
278,2,0.83447265625,0.0538175106048584
278,0,0.78759765625,0.0538175106048584
278,0,0.73095703125,0.0538175106048584
278,2,0.451416015625,0.0538175106048584
278,2,0.39697265625,0.0538175106048584
278,2,0.330322265625,0.0538175106048584
278,0,0.291748046875,0.0538175106048584
278,2,0.28564453125,0.0538175106048584
279,2,0.66162109375,0.04014897346496582
279,0,0.421142578125,0.04014897346496582
279,0,0.403076171875,0.04014897346496582
280,0,0.8212890625,0.14966154098510742
280,2,0.79443359375,0.14966154098510742
280,0,0.6640625,0.14966154098510742
280,58,0.6474609375,0.14966154098510742
280,75,0.4384765625,0.14966154098510742
280,2,0.322021484375,0.14966154098510742
280,2,0.2548828125,0.14966154098510742
281,0,0.84423828125,0.11254358291625977
281,2,0.81982421875,0.11254358291625977
281,0,0.71630859375,0.11254358291625977
281,0,0.69873046875,0.11254358291625977
281,2,0.53955078125,0.11254358291625977
281,2,0.348876953125,0.11254358291625977
281,2,0.345458984375,0.11254358291625977
281,0,0.32373046875,0.11254358291625977
281,2,0.311767578125,0.11254358291625977
281,58,0.30908203125,0.11254358291625977
281,0,0.2919921875,0.11254358291625977
282,2,0.837890625,0.10045909881591797
282,0,0.82763671875,0.10045909881591797
282,0,0.75,0.10045909881591797
282,2,0.67919921875,0.10045909881591797
282,0,0.54052734375,0.10045909881591797
282,2,0.4697265625,0.10045909881591797
282,0,0.381591796875,0.10045909881591797
282,2,0.257080078125,0.10045909881591797
282,0,0.25341796875,0.10045909881591797
283,0,0.8232421875,0.08600616455078125
283,2,0.7666015625,0.08600616455078125
283,0,0.73828125,0.08600616455078125
283,2,0.7041015625,0.08600616455078125
283,0,0.5615234375,0.08600616455078125
283,2,0.442626953125,0.08600616455078125
283,0,0.252685546875,0.08600616455078125
284,0,0.7841796875,0.0626230239868164
284,2,0.77392578125,0.0626230239868164
284,0,0.7099609375,0.0626230239868164
284,2,0.6416015625,0.0626230239868164
284,0,0.623046875,0.0626230239868164
284,2,0.38427734375,0.0626230239868164
285,0,0.84814453125,0.05885720252990723
285,0,0.7900390625,0.05885720252990723
285,0,0.736328125,0.05885720252990723
285,2,0.65576171875,0.05885720252990723
285,2,0.5869140625,0.05885720252990723
285,2,0.40185546875,0.05885720252990723
285,58,0.30419921875,0.05885720252990723
285,2,0.2958984375,0.05885720252990723
285,0,0.25390625,0.05885720252990723
286,0,0.83251953125,0.07173275947570801
286,0,0.75439453125,0.07173275947570801
286,0,0.728515625,0.07173275947570801
286,2,0.5703125,0.07173275947570801
286,2,0.5556640625,0.07173275947570801
286,2,0.49609375,0.07173275947570801
286,2,0.4384765625,0.07173275947570801
286,58,0.359619140625,0.07173275947570801
286,0,0.29638671875,0.07173275947570801
287,0,0.79736328125,0.11336708068847656
287,0,0.76318359375,0.11336708068847656
287,0,0.7255859375,0.11336708068847656
287,2,0.6748046875,0.11336708068847656
287,2,0.50048828125,0.11336708068847656
287,2,0.470947265625,0.11336708068847656
287,2,0.46875,0.11336708068847656
287,58,0.45703125,0.11336708068847656
288,0,0.83203125,0.054845571517944336
288,0,0.7392578125,0.054845571517944336
288,2,0.732421875,0.054845571517944336
288,0,0.623046875,0.054845571517944336
288,2,0.5546875,0.054845571517944336
288,2,0.54052734375,0.054845571517944336
288,2,0.50439453125,0.054845571517944336
288,58,0.35205078125,0.054845571517944336
288,0,0.2958984375,0.054845571517944336
288,0,0.2861328125,0.054845571517944336
288,0,0.2744140625,0.054845571517944336
289,0,0.8447265625,0.0692448616027832
289,0,0.759765625,0.0692448616027832
289,2,0.73291015625,0.0692448616027832
289,0,0.646484375,0.0692448616027832
289,2,0.5751953125,0.0692448616027832
289,0,0.552734375,0.0692448616027832
289,58,0.48388671875,0.0692448616027832
289,0,0.375732421875,0.0692448616027832
289,0,0.34130859375,0.0692448616027832
289,2,0.32373046875,0.0692448616027832
289,0,0.284423828125,0.0692448616027832
289,2,0.267578125,0.0692448616027832
290,0,0.85498046875,0.07149291038513184
290,0,0.71435546875,0.07149291038513184
290,2,0.70751953125,0.07149291038513184
290,0,0.59375,0.07149291038513184
290,2,0.52587890625,0.07149291038513184
290,58,0.505859375,0.07149291038513184
290,0,0.416015625,0.07149291038513184
290,2,0.36669921875,0.07149291038513184
290,0,0.362060546875,0.07149291038513184
290,2,0.3076171875,0.07149291038513184
290,0,0.302001953125,0.07149291038513184
290,0,0.282958984375,0.07149291038513184
291,0,0.85546875,0.06525921821594238
291,2,0.7294921875,0.06525921821594238
291,0,0.69091796875,0.06525921821594238
291,58,0.64892578125,0.06525921821594238
291,2,0.5849609375,0.06525921821594238
291,0,0.52197265625,0.06525921821594238
291,0,0.446044921875,0.06525921821594238
291,2,0.38623046875,0.06525921821594238
291,0,0.374755859375,0.06525921821594238
291,0,0.362060546875,0.06525921821594238
291,0,0.3017578125,0.06525921821594238
292,0,0.8388671875,0.053964853286743164
292,0,0.72412109375,0.053964853286743164
292,0,0.72314453125,0.053964853286743164
292,2,0.68798828125,0.053964853286743164
292,58,0.6015625,0.053964853286743164
292,0,0.48291015625,0.053964853286743164
292,2,0.45703125,0.053964853286743164
292,0,0.38330078125,0.053964853286743164
292,2,0.298828125,0.053964853286743164
292,0,0.28076171875,0.053964853286743164
293,0,0.80126953125,0.058907270431518555
293,0,0.79150390625,0.058907270431518555
293,2,0.76416015625,0.058907270431518555
293,0,0.708984375,0.058907270431518555
293,58,0.5166015625,0.058907270431518555
293,0,0.401611328125,0.058907270431518555
293,2,0.330810546875,0.058907270431518555
293,0,0.325927734375,0.058907270431518555
293,75,0.32080078125,0.058907270431518555
293,0,0.300048828125,0.058907270431518555
293,2,0.259033203125,0.058907270431518555
293,2,0.25048828125,0.058907270431518555
294,0,0.81787109375,0.11272215843200684
294,2,0.80810546875,0.11272215843200684
294,0,0.798828125,0.11272215843200684
294,0,0.69287109375,0.11272215843200684
294,58,0.4267578125,0.11272215843200684
294,0,0.368408203125,0.11272215843200684
294,2,0.27880859375,0.11272215843200684
294,2,0.27783203125,0.11272215843200684
295,2,0.85400390625,0.06263566017150879
295,0,0.81640625,0.06263566017150879
295,0,0.78271484375,0.06263566017150879
295,0,0.65234375,0.06263566017150879
295,58,0.56005859375,0.06263566017150879
295,0,0.4921875,0.06263566017150879
295,75,0.283447265625,0.06263566017150879
295,2,0.271240234375,0.06263566017150879
296,2,0.86767578125,0.06153059005737305
296,0,0.85595703125,0.06153059005737305
296,0,0.76953125,0.06153059005737305
296,58,0.646484375,0.06153059005737305
296,0,0.62744140625,0.06153059005737305
296,0,0.513671875,0.06153059005737305
297,0,0.85498046875,0.06417179107666016
297,0,0.76953125,0.06417179107666016
297,2,0.63623046875,0.06417179107666016
297,0,0.62890625,0.06417179107666016
297,58,0.59521484375,0.06417179107666016
297,75,0.572265625,0.06417179107666016
297,0,0.5693359375,0.06417179107666016
297,2,0.3330078125,0.06417179107666016
297,58,0.25830078125,0.06417179107666016
298,0,0.86572265625,0.056809425354003906
298,0,0.78173828125,0.056809425354003906
298,2,0.669921875,0.056809425354003906
298,0,0.63037109375,0.056809425354003906
298,0,0.62890625,0.056809425354003906
298,75,0.5732421875,0.056809425354003906
298,58,0.55810546875,0.056809425354003906
298,2,0.374755859375,0.056809425354003906
299,0,0.86474609375,0.05872178077697754
299,0,0.8017578125,0.05872178077697754
299,2,0.69384765625,0.05872178077697754
299,0,0.6748046875,0.05872178077697754
299,0,0.61376953125,0.05872178077697754
299,75,0.60888671875,0.05872178077697754
299,58,0.53662109375,0.05872178077697754
299,2,0.453857421875,0.05872178077697754
300,0,0.85498046875,0.05636024475097656
300,0,0.83203125,0.05636024475097656
300,0,0.6875,0.05636024475097656
300,0,0.65380859375,0.05636024475097656
300,2,0.494140625,0.05636024475097656
300,58,0.3837890625,0.05636024475097656
300,0,0.29296875,0.05636024475097656
301,0,0.84326171875,0.09463787078857422
301,0,0.80126953125,0.09463787078857422
301,0,0.6884765625,0.09463787078857422
301,0,0.68017578125,0.09463787078857422
301,58,0.59375,0.09463787078857422
301,2,0.57080078125,0.09463787078857422
301,75,0.30810546875,0.09463787078857422
301,2,0.280029296875,0.09463787078857422
301,0,0.27294921875,0.09463787078857422
302,0,0.85546875,0.07700538635253906
302,0,0.82763671875,0.07700538635253906
302,0,0.7001953125,0.07700538635253906
302,0,0.6943359375,0.07700538635253906
302,2,0.4775390625,0.07700538635253906
302,75,0.4609375,0.07700538635253906
302,58,0.45751953125,0.07700538635253906
302,2,0.44677734375,0.07700538635253906
302,0,0.385498046875,0.07700538635253906
302,0,0.345703125,0.07700538635253906
303,0,0.85595703125,0.06574630737304688
303,0,0.84814453125,0.06574630737304688
303,2,0.78173828125,0.06574630737304688
303,0,0.73974609375,0.06574630737304688
303,0,0.70703125,0.06574630737304688
303,2,0.67529296875,0.06574630737304688
303,75,0.39208984375,0.06574630737304688
303,58,0.328369140625,0.06574630737304688
304,0,0.88134765625,0.05962419509887695
304,0,0.8232421875,0.05962419509887695
304,0,0.7041015625,0.05962419509887695
304,0,0.69775390625,0.05962419509887695
304,2,0.62646484375,0.05962419509887695
304,2,0.5595703125,0.05962419509887695
304,0,0.37255859375,0.05962419509887695
304,0,0.35595703125,0.05962419509887695
304,58,0.31298828125,0.05962419509887695
305,0,0.8857421875,0.04864621162414551
305,0,0.82861328125,0.04864621162414551
305,0,0.703125,0.04864621162414551
305,0,0.69970703125,0.04864621162414551
305,2,0.64453125,0.04864621162414551
305,2,0.587890625,0.04864621162414551
305,75,0.51416015625,0.04864621162414551
305,58,0.452392578125,0.04864621162414551
305,0,0.3876953125,0.04864621162414551
305,0,0.365478515625,0.04864621162414551
306,0,0.86572265625,0.0507051944732666
306,0,0.83203125,0.0507051944732666
306,0,0.7021484375,0.0507051944732666
306,0,0.68994140625,0.0507051944732666
306,2,0.68798828125,0.0507051944732666
306,2,0.61474609375,0.0507051944732666
306,0,0.40576171875,0.0507051944732666
306,58,0.3359375,0.0507051944732666
306,0,0.30126953125,0.0507051944732666
307,0,0.861328125,0.05481457710266113
307,0,0.82666015625,0.05481457710266113
307,0,0.70361328125,0.05481457710266113
307,0,0.7001953125,0.05481457710266113
307,2,0.615234375,0.05481457710266113
307,2,0.564453125,0.05481457710266113
308,0,0.84423828125,0.056534528732299805
308,0,0.81982421875,0.056534528732299805
308,0,0.68017578125,0.056534528732299805
308,0,0.6123046875,0.056534528732299805
308,2,0.53466796875,0.056534528732299805
308,2,0.4345703125,0.056534528732299805
308,1,0.353271484375,0.056534528732299805
308,2,0.340087890625,0.056534528732299805
309,0,0.87060546875,0.10401225090026855
309,0,0.80517578125,0.10401225090026855
309,0,0.72509765625,0.10401225090026855
309,0,0.6748046875,0.10401225090026855
309,2,0.59033203125,0.10401225090026855
309,1,0.44287109375,0.10401225090026855
309,2,0.268798828125,0.10401225090026855
309,2,0.25830078125,0.10401225090026855
310,0,0.86181640625,0.04322695732116699
310,0,0.837890625,0.04322695732116699
310,0,0.71484375,0.04322695732116699
310,0,0.68798828125,0.04322695732116699
310,2,0.439208984375,0.04322695732116699
310,2,0.34619140625,0.04322695732116699
310,1,0.33935546875,0.04322695732116699
311,0,0.88134765625,0.04829096794128418
311,0,0.75439453125,0.04829096794128418
311,0,0.595703125,0.04829096794128418
311,2,0.517578125,0.04829096794128418
311,0,0.41015625,0.04829096794128418
312,0,0.900390625,0.05927300453186035
312,0,0.81787109375,0.05927300453186035
312,0,0.7236328125,0.05927300453186035
312,0,0.68017578125,0.05927300453186035
312,2,0.392578125,0.05927300453186035
313,0,0.89453125,0.061304569244384766
313,0,0.85498046875,0.061304569244384766
313,0,0.7705078125,0.061304569244384766
313,0,0.7509765625,0.061304569244384766
313,2,0.37158203125,0.061304569244384766
313,2,0.3125,0.061304569244384766
313,2,0.291748046875,0.061304569244384766
313,2,0.284912109375,0.061304569244384766
314,0,0.8583984375,0.05472683906555176
314,0,0.857421875,0.05472683906555176
314,0,0.76416015625,0.05472683906555176
314,0,0.75634765625,0.05472683906555176
314,2,0.30078125,0.05472683906555176
314,2,0.250732421875,0.05472683906555176
315,0,0.86181640625,0.04960179328918457
315,0,0.845703125,0.04960179328918457
315,0,0.7841796875,0.04960179328918457
315,0,0.75634765625,0.04960179328918457
315,2,0.332275390625,0.04960179328918457
315,26,0.30859375,0.04960179328918457
316,0,0.82861328125,0.15488815307617188
316,0,0.82373046875,0.15488815307617188
316,0,0.77734375,0.15488815307617188
316,0,0.767578125,0.15488815307617188
316,26,0.59619140625,0.15488815307617188
316,2,0.533203125,0.15488815307617188
316,26,0.365234375,0.15488815307617188
316,2,0.29296875,0.15488815307617188
316,2,0.281982421875,0.15488815307617188
317,0,0.8427734375,0.0738074779510498
317,0,0.8193359375,0.0738074779510498
317,0,0.798828125,0.0738074779510498
317,0,0.7744140625,0.0738074779510498
317,26,0.480224609375,0.0738074779510498
317,26,0.333740234375,0.0738074779510498
317,2,0.3212890625,0.0738074779510498
317,2,0.312744140625,0.0738074779510498
317,2,0.260498046875,0.0738074779510498
318,0,0.82568359375,0.06661009788513184
318,0,0.82373046875,0.06661009788513184
318,0,0.80908203125,0.06661009788513184
318,0,0.7900390625,0.06661009788513184
318,26,0.47314453125,0.06661009788513184
318,2,0.428466796875,0.06661009788513184
318,2,0.27783203125,0.06661009788513184
319,0,0.8427734375,0.04296875
319,0,0.8134765625,0.04296875
319,0,0.79638671875,0.04296875
319,0,0.7802734375,0.04296875
319,26,0.44482421875,0.04296875
319,26,0.303955078125,0.04296875
319,26,0.273681640625,0.04296875
319,2,0.255859375,0.04296875
320,0,0.85693359375,0.052886247634887695
320,0,0.84130859375,0.052886247634887695
320,0,0.7998046875,0.052886247634887695
320,0,0.78466796875,0.052886247634887695
320,26,0.423095703125,0.052886247634887695
320,26,0.3662109375,0.052886247634887695
320,2,0.345458984375,0.052886247634887695
320,2,0.29833984375,0.052886247634887695
320,26,0.252197265625,0.052886247634887695
321,0,0.857421875,0.05308365821838379
321,0,0.84716796875,0.05308365821838379
321,0,0.7646484375,0.05308365821838379
321,0,0.73876953125,0.05308365821838379
321,2,0.50146484375,0.05308365821838379
321,2,0.298583984375,0.05308365821838379
322,0,0.84423828125,0.05022859573364258
322,0,0.77294921875,0.05022859573364258
322,0,0.7177734375,0.05022859573364258
322,2,0.55419921875,0.05022859573364258
322,0,0.397216796875,0.05022859573364258
322,2,0.323974609375,0.05022859573364258
323,0,0.82666015625,0.051199913024902344
323,0,0.80908203125,0.051199913024902344
323,0,0.7314453125,0.051199913024902344
323,2,0.72509765625,0.051199913024902344
323,0,0.5966796875,0.051199913024902344
324,0,0.8330078125,0.04728436470031738
324,0,0.80419921875,0.04728436470031738
324,0,0.79638671875,0.04728436470031738
324,0,0.7880859375,0.04728436470031738
324,2,0.716796875,0.04728436470031738
325,0,0.80419921875,0.0345759391784668
325,0,0.7890625,0.0345759391784668
325,0,0.69140625,0.0345759391784668
325,0,0.65625,0.0345759391784668
325,2,0.48583984375,0.0345759391784668
325,26,0.253662109375,0.0345759391784668
326,0,0.80517578125,0.124755859375
326,0,0.7333984375,0.124755859375
326,0,0.71826171875,0.124755859375
326,0,0.7080078125,0.124755859375
326,2,0.501953125,0.124755859375
327,0,0.767578125,0.06250238418579102
327,0,0.66845703125,0.06250238418579102
327,0,0.53564453125,0.06250238418579102
327,0,0.377197265625,0.06250238418579102
327,9,0.26416015625,0.06250238418579102
328,0,0.8232421875,0.06351494789123535
328,0,0.7724609375,0.06351494789123535
328,0,0.72802734375,0.06351494789123535
328,0,0.50830078125,0.06351494789123535
328,0,0.465576171875,0.06351494789123535
328,2,0.331298828125,0.06351494789123535
328,26,0.2783203125,0.06351494789123535
329,0,0.80810546875,0.0520024299621582
329,0,0.767578125,0.0520024299621582
329,0,0.7158203125,0.0520024299621582
329,0,0.433837890625,0.0520024299621582
329,2,0.368408203125,0.0520024299621582
329,0,0.343994140625,0.0520024299621582
329,24,0.273681640625,0.0520024299621582
330,0,0.80078125,0.09237337112426758
330,0,0.77587890625,0.09237337112426758
330,0,0.732421875,0.09237337112426758
330,24,0.421142578125,0.09237337112426758
330,0,0.389404296875,0.09237337112426758
330,2,0.376708984375,0.09237337112426758
330,2,0.349609375,0.09237337112426758
330,2,0.303955078125,0.09237337112426758
331,0,0.7763671875,0.06382441520690918
331,0,0.7666015625,0.06382441520690918
331,0,0.701171875,0.06382441520690918
331,0,0.658203125,0.06382441520690918
331,2,0.44287109375,0.06382441520690918
331,2,0.392578125,0.06382441520690918
332,0,0.7705078125,0.06125354766845703
332,0,0.76611328125,0.06125354766845703
332,0,0.70751953125,0.06125354766845703
332,2,0.615234375,0.06125354766845703
332,2,0.475341796875,0.06125354766845703
332,0,0.30615234375,0.06125354766845703
332,2,0.276611328125,0.06125354766845703
333,0,0.7470703125,0.0496523380279541
333,0,0.7431640625,0.0496523380279541
333,0,0.73046875,0.0496523380279541
334,0,0.73095703125,0.05434226989746094
334,0,0.70458984375,0.05434226989746094
334,0,0.68798828125,0.05434226989746094
334,2,0.3271484375,0.05434226989746094
334,0,0.276123046875,0.05434226989746094
335,0,0.78466796875,0.06570005416870117
335,0,0.75146484375,0.06570005416870117
335,0,0.7138671875,0.06570005416870117
335,2,0.66748046875,0.06570005416870117
335,2,0.52685546875,0.06570005416870117
335,2,0.4921875,0.06570005416870117
335,2,0.28662109375,0.06570005416870117
335,0,0.259765625,0.06570005416870117
336,2,0.921875,0.061452388763427734
336,0,0.80908203125,0.061452388763427734
336,0,0.7373046875,0.061452388763427734
336,0,0.72412109375,0.061452388763427734
336,2,0.65380859375,0.061452388763427734
336,2,0.40966796875,0.061452388763427734
336,2,0.393798828125,0.061452388763427734
336,0,0.309814453125,0.061452388763427734
337,2,0.9267578125,0.04673361778259277
337,0,0.80322265625,0.04673361778259277
337,0,0.7333984375,0.04673361778259277
337,0,0.708984375,0.04673361778259277
337,2,0.65966796875,0.04673361778259277
337,2,0.5615234375,0.04673361778259277
337,2,0.348388671875,0.04673361778259277
337,0,0.288818359375,0.04673361778259277
337,0,0.254638671875,0.04673361778259277
338,2,0.86865234375,0.04717755317687988
338,0,0.81396484375,0.04717755317687988
338,0,0.76806640625,0.04717755317687988
338,2,0.72705078125,0.04717755317687988
338,0,0.6845703125,0.04717755317687988
338,2,0.47900390625,0.04717755317687988
338,2,0.3525390625,0.04717755317687988
338,0,0.297607421875,0.04717755317687988
338,2,0.259765625,0.04717755317687988
338,0,0.259521484375,0.04717755317687988
339,2,0.85693359375,0.053368568420410156
339,0,0.82470703125,0.053368568420410156
339,0,0.7900390625,0.053368568420410156
339,2,0.6962890625,0.053368568420410156
339,0,0.68994140625,0.053368568420410156
339,2,0.51904296875,0.053368568420410156
339,0,0.340087890625,0.053368568420410156
339,0,0.321533203125,0.053368568420410156
340,2,0.88427734375,0.055504560470581055
340,0,0.81787109375,0.055504560470581055
340,0,0.78662109375,0.055504560470581055
340,2,0.6630859375,0.055504560470581055
340,0,0.61962890625,0.055504560470581055
340,2,0.5517578125,0.055504560470581055
340,0,0.427001953125,0.055504560470581055
340,2,0.346435546875,0.055504560470581055
341,2,0.88525390625,0.05210447311401367
341,0,0.76171875,0.05210447311401367
341,2,0.681640625,0.05210447311401367
341,0,0.66064453125,0.05210447311401367
341,0,0.57275390625,0.05210447311401367
341,2,0.54052734375,0.05210447311401367
341,0,0.3193359375,0.05210447311401367
342,2,0.8642578125,0.042990922927856445
342,0,0.79052734375,0.042990922927856445
342,0,0.78662109375,0.042990922927856445
342,2,0.666015625,0.042990922927856445
342,0,0.53173828125,0.042990922927856445
342,2,0.52587890625,0.042990922927856445
342,0,0.43017578125,0.042990922927856445
342,2,0.37548828125,0.042990922927856445
343,0,0.79541015625,0.10579729080200195
343,2,0.79248046875,0.10579729080200195
343,0,0.7431640625,0.10579729080200195
343,2,0.70654296875,0.10579729080200195
343,2,0.5712890625,0.10579729080200195
343,0,0.54052734375,0.10579729080200195
343,0,0.4287109375,0.10579729080200195
343,2,0.279052734375,0.10579729080200195
344,2,0.876953125,0.0777888298034668
344,0,0.8037109375,0.0777888298034668
344,0,0.78515625,0.0777888298034668
344,2,0.65625,0.0777888298034668
344,0,0.52294921875,0.0777888298034668
344,2,0.4931640625,0.0777888298034668
344,0,0.3798828125,0.0777888298034668
345,2,0.8759765625,0.06236577033996582
345,0,0.79052734375,0.06236577033996582
345,0,0.78173828125,0.06236577033996582
345,2,0.666015625,0.06236577033996582
345,0,0.5732421875,0.06236577033996582
345,0,0.556640625,0.06236577033996582
345,2,0.53466796875,0.06236577033996582
346,2,0.87744140625,0.045899152755737305
346,0,0.8212890625,0.045899152755737305
346,0,0.80078125,0.045899152755737305
346,2,0.708984375,0.045899152755737305
346,0,0.64990234375,0.045899152755737305
346,0,0.63671875,0.045899152755737305
346,2,0.603515625,0.045899152755737305
346,0,0.262451171875,0.045899152755737305
347,2,0.87890625,0.04569530487060547
347,0,0.83251953125,0.04569530487060547
347,0,0.79736328125,0.04569530487060547
347,2,0.78662109375,0.04569530487060547
347,0,0.64892578125,0.04569530487060547
347,0,0.61181640625,0.04569530487060547
347,2,0.5859375,0.04569530487060547
348,2,0.869140625,0.056607961654663086
348,0,0.833984375,0.056607961654663086
348,2,0.79052734375,0.056607961654663086
348,0,0.77685546875,0.056607961654663086
348,0,0.65283203125,0.056607961654663086
348,0,0.63916015625,0.056607961654663086
348,2,0.55908203125,0.056607961654663086
349,0,0.85546875,0.054047346115112305
349,2,0.80517578125,0.054047346115112305
349,2,0.79150390625,0.054047346115112305
349,0,0.7802734375,0.054047346115112305
349,2,0.75,0.054047346115112305
349,0,0.70947265625,0.054047346115112305
349,0,0.69482421875,0.054047346115112305
349,2,0.281494140625,0.054047346115112305
350,0,0.8505859375,0.05432724952697754
350,0,0.8095703125,0.05432724952697754
350,2,0.7734375,0.05432724952697754
350,2,0.7666015625,0.05432724952697754
350,2,0.7607421875,0.05432724952697754
350,0,0.74072265625,0.05432724952697754
350,0,0.72216796875,0.05432724952697754
350,2,0.29833984375,0.05432724952697754
350,2,0.288818359375,0.05432724952697754
351,0,0.853515625,0.04653358459472656
351,0,0.78662109375,0.04653358459472656
351,2,0.7841796875,0.04653358459472656
351,2,0.7578125,0.04653358459472656
351,0,0.74658203125,0.04653358459472656
351,0,0.74658203125,0.04653358459472656
351,2,0.72412109375,0.04653358459472656
352,0,0.837890625,0.10633301734924316
352,0,0.80078125,0.10633301734924316
352,2,0.79248046875,0.10633301734924316
352,2,0.7783203125,0.10633301734924316
352,0,0.7509765625,0.10633301734924316
352,0,0.732421875,0.10633301734924316
352,2,0.6416015625,0.10633301734924316
353,0,0.83251953125,0.06897354125976562
353,0,0.79248046875,0.06897354125976562
353,0,0.7890625,0.06897354125976562
353,2,0.7744140625,0.06897354125976562
353,2,0.74267578125,0.06897354125976562
353,0,0.6748046875,0.06897354125976562
353,2,0.427734375,0.06897354125976562
353,2,0.340087890625,0.06897354125976562
354,0,0.84130859375,0.05569171905517578
354,0,0.7939453125,0.05569171905517578
354,0,0.77880859375,0.05569171905517578
354,0,0.70361328125,0.05569171905517578
354,2,0.69775390625,0.05569171905517578
354,2,0.63818359375,0.05569171905517578
354,2,0.5048828125,0.05569171905517578
354,2,0.35205078125,0.05569171905517578
355,0,0.81005859375,0.05168604850769043
355,0,0.74755859375,0.05168604850769043
355,2,0.6904296875,0.05168604850769043
355,0,0.6787109375,0.05168604850769043
355,0,0.5537109375,0.05168604850769043
355,2,0.54345703125,0.05168604850769043
355,2,0.259033203125,0.05168604850769043
356,0,0.80517578125,0.04143118858337402
356,0,0.73828125,0.04143118858337402
356,0,0.68017578125,0.04143118858337402
356,2,0.67529296875,0.04143118858337402
356,2,0.5283203125,0.04143118858337402
356,2,0.494140625,0.04143118858337402
356,0,0.482177734375,0.04143118858337402
357,0,0.8291015625,0.1042017936706543
357,2,0.7109375,0.1042017936706543
357,0,0.705078125,0.1042017936706543
357,0,0.67138671875,0.1042017936706543
357,2,0.54736328125,0.1042017936706543
357,0,0.53662109375,0.1042017936706543
357,2,0.343994140625,0.1042017936706543
358,0,0.814453125,0.06595253944396973
358,2,0.73095703125,0.06595253944396973
358,2,0.5498046875,0.06595253944396973
358,0,0.46875,0.06595253944396973
358,0,0.31103515625,0.06595253944396973
358,0,0.308349609375,0.06595253944396973
359,0,0.83935546875,0.0463716983795166
359,2,0.71630859375,0.0463716983795166
359,2,0.69921875,0.0463716983795166
359,0,0.60791015625,0.0463716983795166
359,0,0.587890625,0.0463716983795166
359,2,0.413818359375,0.0463716983795166
360,0,0.88671875,0.11606073379516602
360,0,0.7705078125,0.11606073379516602
360,0,0.65283203125,0.11606073379516602
360,0,0.6064453125,0.11606073379516602
360,2,0.60546875,0.11606073379516602
360,2,0.53759765625,0.11606073379516602
360,2,0.45458984375,0.11606073379516602
360,0,0.27294921875,0.11606073379516602
361,0,0.9091796875,0.061020851135253906
361,2,0.68017578125,0.061020851135253906
361,2,0.67041015625,0.061020851135253906
361,0,0.587890625,0.061020851135253906
361,0,0.5478515625,0.061020851135253906
361,0,0.52734375,0.061020851135253906
361,2,0.48291015625,0.061020851135253906
361,2,0.4384765625,0.061020851135253906
361,0,0.345947265625,0.061020851135253906
361,2,0.296142578125,0.061020851135253906
362,0,0.88525390625,0.04939079284667969
362,2,0.73876953125,0.04939079284667969
362,2,0.72705078125,0.04939079284667969
362,2,0.72509765625,0.04939079284667969
362,0,0.62890625,0.04939079284667969
362,0,0.564453125,0.04939079284667969
362,0,0.53515625,0.04939079284667969
362,0,0.5126953125,0.04939079284667969
363,2,0.890625,0.048668622970581055
363,0,0.82568359375,0.048668622970581055
363,2,0.8251953125,0.048668622970581055
363,0,0.7333984375,0.048668622970581055
363,0,0.69482421875,0.048668622970581055
363,2,0.6923828125,0.048668622970581055
363,0,0.66064453125,0.048668622970581055
363,0,0.619140625,0.048668622970581055
364,2,0.8583984375,0.05779242515563965
364,0,0.83056640625,0.05779242515563965
364,2,0.7841796875,0.05779242515563965
364,0,0.767578125,0.05779242515563965
364,0,0.74462890625,0.05779242515563965
364,0,0.64501953125,0.05779242515563965
364,2,0.59228515625,0.05779242515563965
364,0,0.458740234375,0.05779242515563965
365,2,0.89111328125,0.048890113830566406
365,0,0.7802734375,0.048890113830566406
365,2,0.7080078125,0.048890113830566406
365,0,0.6064453125,0.048890113830566406
365,0,0.374755859375,0.048890113830566406
365,0,0.359130859375,0.048890113830566406
365,0,0.345947265625,0.048890113830566406
365,7,0.293701171875,0.048890113830566406
366,2,0.88720703125,0.04935455322265625
366,2,0.8525390625,0.04935455322265625
366,0,0.67626953125,0.04935455322265625
366,0,0.35009765625,0.04935455322265625
366,0,0.311767578125,0.04935455322265625
